"STATION","NAME","DATE","PRCP","SNOW","SNWD","TAVG","TMAX","TMIN"
"USW00093193","FRESNO YOSEMITE INTERNATIONAL, CA US","2020-01-01","0.00","0.0","0.0","48","60","39"
"USW00093193","FRESNO YOSEMITE INTERNATIONAL, CA US","2020-01-02","0.00","0.0","0.0","48","56","39"
"USW00093193","FRESNO YOSEMITE INTERNATIONAL, CA US","2020-01-03","0.00","0.0","0.0","49","67","39"
"USW00093193","FRESNO YOSEMITE INTERNATIONAL, CA US","2020-01-04","0.00","0.0","0.0","53","65","42"
"USW00093193","FRESNO YOSEMITE INTERNATIONAL, CA US","2020-01-05","0.00","0.0","0.0","49","59","41"
"USW00093193","FRESNO YOSEMITE INTERNATIONAL, CA US","2020-01-06","0.00","0.0","0.0","47","53","39"
"USW00093193","FRESNO YOSEMITE INTERNATIONAL, CA US","2020-01-07","0.00","0.0","0.0","42","46","36"
"USW00093193","FRESNO YOSEMITE INTERNATIONAL, CA US","2020-01-08","0.02","0.0","0.0","44","47","43"
"USW00093193","FRESNO YOSEMITE INTERNATIONAL, CA US","2020-01-09","0.20","0.0","0.0","45","52","42"
"USW00093193","FRESNO YOSEMITE INTERNATIONAL, CA US","2020-01-10","0.00","0.0","0.0","47","54","41"
"USW00093193","FRESNO YOSEMITE INTERNATIONAL, CA US","2020-01-11","0.00","0.0","0.0","45","57","36"
"USW00093193","FRESNO YOSEMITE INTERNATIONAL, CA US","2020-01-12","0.00","0.0","0.0","45","54","36"
"USW00093193","FRESNO YOSEMITE INTERNATIONAL, CA US","2020-01-13","0.00","0.0","0.0","42","55","33"
"USW00093193","FRESNO YOSEMITE INTERNATIONAL, CA US","2020-01-14","0.00","0.0","0.0","45","54","37"
"USW00093193","FRESNO YOSEMITE INTERNATIONAL, CA US","2020-01-15","0.00","0.0","0.0","45","56","33"
"USW00093193","FRESNO YOSEMITE INTERNATIONAL, CA US","2020-01-16","0.43","0.0","0.0","49","60","41"
"USW00093193","FRESNO YOSEMITE INTERNATIONAL, CA US","2020-01-17","0.00","0.0","0.0","44","51","36"
"USW00093193","FRESNO YOSEMITE INTERNATIONAL, CA US","2020-01-18","0.00","0.0","0.0","42","49","37"
"USW00093193","FRESNO YOSEMITE INTERNATIONAL, CA US","2020-01-19","0.00","0.0","0.0","44","50","42"
"USW00093193","FRESNO YOSEMITE INTERNATIONAL, CA US","2020-01-20","0.00","0.0","0.0","46","54","42"
"USW00093193","FRESNO YOSEMITE INTERNATIONAL, CA US","2020-01-21","0.00","0.0","0.0","52","61","45"
"USW00093193","FRESNO YOSEMITE INTERNATIONAL, CA US","2020-01-22","0.00","0.0","0.0","56","62","47"
"USW00093193","FRESNO YOSEMITE INTERNATIONAL, CA US","2020-01-23","0.00","0.0","0.0","50","64","43"
"USW00093193","FRESNO YOSEMITE INTERNATIONAL, CA US","2020-01-24","0.00","0.0","0.0","53","59","45"
"USW00093193","FRESNO YOSEMITE INTERNATIONAL, CA US","2020-01-25","0.00","0.0","0.0","54","62","49"
"USW00093193","FRESNO YOSEMITE INTERNATIONAL, CA US","2020-01-26","0.01","0.0","0.0","55","64","49"
"USW00093193","FRESNO YOSEMITE INTERNATIONAL, CA US","2020-01-27","0.00","0.0","0.0","51","58","43"
"USW00093193","FRESNO YOSEMITE INTERNATIONAL, CA US","2020-01-28","0.00","0.0","0.0","51","62","42"
"USW00093193","FRESNO YOSEMITE INTERNATIONAL, CA US","2020-01-29","0.00","0.0","0.0","51","54","44"
"USW00093193","FRESNO YOSEMITE INTERNATIONAL, CA US","2020-01-30","0.00","0.0","0.0","49","62","41"
"USW00093193","FRESNO YOSEMITE INTERNATIONAL, CA US","2020-01-31","0.00","0.0","0.0","52","66","41"
"USW00093193","FRESNO YOSEMITE INTERNATIONAL, CA US","2020-02-01","0.00","0.0","0.0","53","69","40"
"USW00093193","FRESNO YOSEMITE INTERNATIONAL, CA US","2020-02-02","0.00","0.0","0.0","53","64","41"
"USW00093193","FRESNO YOSEMITE INTERNATIONAL, CA US","2020-02-03","0.00","0.0","0.0","44","55","35"
"USW00093193","FRESNO YOSEMITE INTERNATIONAL, CA US","2020-02-04","0.00","0.0","0.0","42","54","31"
"USW00093193","FRESNO YOSEMITE INTERNATIONAL, CA US","2020-02-05","0.00","0.0","0.0","44","56","34"
"USW00093193","FRESNO YOSEMITE INTERNATIONAL, CA US","2020-02-06","0.00","0.0","0.0","47","64","36"
"USW00093193","FRESNO YOSEMITE INTERNATIONAL, CA US","2020-02-07","0.00","0.0","0.0","51","67","37"
"USW00093193","FRESNO YOSEMITE INTERNATIONAL, CA US","2020-02-08","0.00","0.0","0.0","53","69","40"
"USW00093193","FRESNO YOSEMITE INTERNATIONAL, CA US","2020-02-09","0.00","0.0","0.0","51","59","37"
"USW00093193","FRESNO YOSEMITE INTERNATIONAL, CA US","2020-02-10","0.00","0.0","0.0","47","62","35"
"USW00093193","FRESNO YOSEMITE INTERNATIONAL, CA US","2020-02-11","0.00","0.0","0.0","51","66","38"
"USW00093193","FRESNO YOSEMITE INTERNATIONAL, CA US","2020-02-12","0.00","0.0","0.0","53","69","39"
"USW00093193","FRESNO YOSEMITE INTERNATIONAL, CA US","2020-02-13","0.00","0.0","0.0","55","72","41"
"USW00093193","FRESNO YOSEMITE INTERNATIONAL, CA US","2020-02-14","0.00","0.0","0.0","55","69","41"
"USW00093193","FRESNO YOSEMITE INTERNATIONAL, CA US","2020-02-15","0.00","0.0","0.0","55","70","42"
"USW00093193","FRESNO YOSEMITE INTERNATIONAL, CA US","2020-02-16","0.00","0.0","0.0","57","71","44"
"USW00093193","FRESNO YOSEMITE INTERNATIONAL, CA US","2020-02-17","0.00","0.0","0.0","55","66","42"
"USW00093193","FRESNO YOSEMITE INTERNATIONAL, CA US","2020-02-18","0.00","0.0","0.0","56","69","46"
"USW00093193","FRESNO YOSEMITE INTERNATIONAL, CA US","2020-02-19","0.00","0.0","0.0","55","71","42"
"USW00093193","FRESNO YOSEMITE INTERNATIONAL, CA US","2020-02-20","0.00","0.0","0.0","57","75","42"
"USW00093193","FRESNO YOSEMITE INTERNATIONAL, CA US","2020-02-21","0.00","0.0","0.0","58","70","44"
"USW00093193","FRESNO YOSEMITE INTERNATIONAL, CA US","2020-02-22","0.00","0.0","0.0","62","65","50"
"USW00093193","FRESNO YOSEMITE INTERNATIONAL, CA US","2020-02-23","0.00","0.0","0.0","55","67","45"
"USW00093193","FRESNO YOSEMITE INTERNATIONAL, CA US","2020-02-24","0.00","0.0","0.0","56","68","45"
"USW00093193","FRESNO YOSEMITE INTERNATIONAL, CA US","2020-02-25","0.00","0.0","0.0","58","73","47"
"USW00093193","FRESNO YOSEMITE INTERNATIONAL, CA US","2020-02-26","0.00","0.0","0.0","62","80","47"
"USW00093193","FRESNO YOSEMITE INTERNATIONAL, CA US","2020-02-27","0.00","0.0","0.0","63","78","47"
"USW00093193","FRESNO YOSEMITE INTERNATIONAL, CA US","2020-02-28","0.00","0.0","0.0","65","83","51"
"USW00093193","FRESNO YOSEMITE INTERNATIONAL, CA US","2020-02-29","0.00","0.0","0.0","66","77","52"
"USW00093193","FRESNO YOSEMITE INTERNATIONAL, CA US","2020-03-01","0.00","0.0","0.0","57","61","45"
"USW00093193","FRESNO YOSEMITE INTERNATIONAL, CA US","2020-03-02","0.00","0.0","0.0","49","65","38"
"USW00093193","FRESNO YOSEMITE INTERNATIONAL, CA US","2020-03-03","0.00","0.0","0.0","56","73","44"
"USW00093193","FRESNO YOSEMITE INTERNATIONAL, CA US","2020-03-04","0.00","0.0","0.0","60","79","46"
"USW00093193","FRESNO YOSEMITE INTERNATIONAL, CA US","2020-03-05","0.00","0.0","0.0","65","82","50"
"USW00093193","FRESNO YOSEMITE INTERNATIONAL, CA US","2020-03-06","0.00","0.0","0.0","64","81","49"
"USW00093193","FRESNO YOSEMITE INTERNATIONAL, CA US","2020-03-07","0.00","0.0","0.0","60","61","49"
"USW00093193","FRESNO YOSEMITE INTERNATIONAL, CA US","2020-03-08","0.00","0.0","0.0","53","64","45"
"USW00093193","FRESNO YOSEMITE INTERNATIONAL, CA US","2020-03-09","0.00","0.0","0.0","58","69","48"
"USW00093193","FRESNO YOSEMITE INTERNATIONAL, CA US","2020-03-10","0.11","0.0","0.0","59","70","50"
"USW00093193","FRESNO YOSEMITE INTERNATIONAL, CA US","2020-03-11","0.05","0.0","0.0","60","73","54"
"USW00093193","FRESNO YOSEMITE INTERNATIONAL, CA US","2020-03-12","0.00","0.0","0.0","61","74","50"
"USW00093193","FRESNO YOSEMITE INTERNATIONAL, CA US","2020-03-13","0.00","0.0","0.0","65","73","53"
"USW00093193","FRESNO YOSEMITE INTERNATIONAL, CA US","2020-03-14","0.00","0.0","0.0","60","66","54"
"USW00093193","FRESNO YOSEMITE INTERNATIONAL, CA US","2020-03-15","0.04","0.0","0.0","58","64","51"
"USW00093193","FRESNO YOSEMITE INTERNATIONAL, CA US","2020-03-16","0.97","0.0","0.0","53","55","42"
"USW00093193","FRESNO YOSEMITE INTERNATIONAL, CA US","2020-03-17","0.00","0.0","0.0","46","57","40"
"USW00093193","FRESNO YOSEMITE INTERNATIONAL, CA US","2020-03-18","0.00","0.0","0.0","50","60","39"
"USW00093193","FRESNO YOSEMITE INTERNATIONAL, CA US","2020-03-19","0.22","0.0","0.0","52","58","46"
"USW00093193","FRESNO YOSEMITE INTERNATIONAL, CA US","2020-03-20","0.00","0.0","0.0","52","64","43"
"USW00093193","FRESNO YOSEMITE INTERNATIONAL, CA US","2020-03-21","0.05","0.0","0.0","56","64","51"
"USW00093193","FRESNO YOSEMITE INTERNATIONAL, CA US","2020-03-22","0.28","0.0","0.0","57","70","50"
"USW00093193","FRESNO YOSEMITE INTERNATIONAL, CA US","2020-03-23","0.25","0.0","0.0","58","66","52"
"USW00093193","FRESNO YOSEMITE INTERNATIONAL, CA US","2020-03-24","0.03","0.0","0.0","56","59","50"
"USW00093193","FRESNO YOSEMITE INTERNATIONAL, CA US","2020-03-25","0.27","0.0","0.0","53","57","46"
"USW00093193","FRESNO YOSEMITE INTERNATIONAL, CA US","2020-03-26","0.00","0.0","0.0","49","59","42"
"USW00093193","FRESNO YOSEMITE INTERNATIONAL, CA US","2020-03-27","0.00","0.0","0.0","50","62","40"
"USW00093193","FRESNO YOSEMITE INTERNATIONAL, CA US","2020-03-28","0.00","0.0","0.0","52","63","43"
"USW00093193","FRESNO YOSEMITE INTERNATIONAL, CA US","2020-03-29","0.05","0.0","0.0","56","64","50"
"USW00093193","FRESNO YOSEMITE INTERNATIONAL, CA US","2020-03-30","0.00","0.0","0.0","56","70","46"
"USW00093193","FRESNO YOSEMITE INTERNATIONAL, CA US","2020-03-31","0.00","0.0","0.0","59","74","48"
"USW00093193","FRESNO YOSEMITE INTERNATIONAL, CA US","2020-04-01","0.00","0.0","0.0","62","71","50"
"USW00093193","FRESNO YOSEMITE INTERNATIONAL, CA US","2020-04-02","0.00","0.0","0.0","55","68","43"
"USW00093193","FRESNO YOSEMITE INTERNATIONAL, CA US","2020-04-03","0.00","0.0","0.0","56","70","43"
"USW00093193","FRESNO YOSEMITE INTERNATIONAL, CA US","2020-04-04","0.00","0.0","0.0","57","68","45"
"USW00093193","FRESNO YOSEMITE INTERNATIONAL, CA US","2020-04-05","0.84","0.0","0.0","58","60","46"
"USW00093193","FRESNO YOSEMITE INTERNATIONAL, CA US","2020-04-06","0.25","0.0","0.0","52","60","45"
"USW00093193","FRESNO YOSEMITE INTERNATIONAL, CA US","2020-04-07","0.02","0.0","0.0","54","66","47"
"USW00093193","FRESNO YOSEMITE INTERNATIONAL, CA US","2020-04-08","0.11","0.0","0.0","57","60","49"
"USW00093193","FRESNO YOSEMITE INTERNATIONAL, CA US","2020-04-09","0.26","0.0","0.0","53","61","49"
"USW00093193","FRESNO YOSEMITE INTERNATIONAL, CA US","2020-04-10","0.00","0.0","0.0","56","68","45"
"USW00093193","FRESNO YOSEMITE INTERNATIONAL, CA US","2020-04-11","0.00","0.0","0.0","60","71","50"
"USW00093193","FRESNO YOSEMITE INTERNATIONAL, CA US","2020-04-12","0.00","0.0","0.0","64","73","55"
"USW00093193","FRESNO YOSEMITE INTERNATIONAL, CA US","2020-04-13","0.00","0.0","0.0","61","72","53"
"USW00093193","FRESNO YOSEMITE INTERNATIONAL, CA US","2020-04-14","0.00","0.0","0.0","63","77","51"
"USW00093193","FRESNO YOSEMITE INTERNATIONAL, CA US","2020-04-15","0.00","0.0","0.0","67","81","54"
"USW00093193","FRESNO YOSEMITE INTERNATIONAL, CA US","2020-04-16","0.00","0.0","0.0","69","83","57"
"USW00093193","FRESNO YOSEMITE INTERNATIONAL, CA US","2020-04-17","0.02","0.0","0.0","66","74","56"
"USW00093193","FRESNO YOSEMITE INTERNATIONAL, CA US","2020-04-18","0.08","0.0","0.0","61","68","55"
"USW00093193","FRESNO YOSEMITE INTERNATIONAL, CA US","2020-04-19","0.00","0.0","0.0","63","74","54"
"USW00093193","FRESNO YOSEMITE INTERNATIONAL, CA US","2020-04-20","0.07","0.0","0.0","60","62","53"
"USW00093193","FRESNO YOSEMITE INTERNATIONAL, CA US","2020-04-21","0.00","0.0","0.0","59","74","50"
"USW00093193","FRESNO YOSEMITE INTERNATIONAL, CA US","2020-04-22","0.00","0.0","0.0","67","81","55"
"USW00093193","FRESNO YOSEMITE INTERNATIONAL, CA US","2020-04-23","0.00","0.0","0.0","71","86","59"
"USW00093193","FRESNO YOSEMITE INTERNATIONAL, CA US","2020-04-24","0.00","0.0","0.0","73","88","58"
"USW00093193","FRESNO YOSEMITE INTERNATIONAL, CA US","2020-04-25","0.00","0.0","0.0","76","91","62"
"USW00093193","FRESNO YOSEMITE INTERNATIONAL, CA US","2020-04-26","0.00","0.0","0.0","76","90","63"
"USW00093193","FRESNO YOSEMITE INTERNATIONAL, CA US","2020-04-27","0.00","0.0","0.0","74","87","59"
"USW00093193","FRESNO YOSEMITE INTERNATIONAL, CA US","2020-04-28","0.00","0.0","0.0","75","91","61"
"USW00093193","FRESNO YOSEMITE INTERNATIONAL, CA US","2020-04-29","0.00","0.0","0.0","80","91","67"
"USW00093193","FRESNO YOSEMITE INTERNATIONAL, CA US","2020-04-30","0.00","0.0","0.0","74","88","59"
"USW00093193","FRESNO YOSEMITE INTERNATIONAL, CA US","2020-05-01","0.00","0.0","0.0","71","83","55"
"USW00093193","FRESNO YOSEMITE INTERNATIONAL, CA US","2020-05-02","0.00","0.0","0.0","70","84","55"
"USW00093193","FRESNO YOSEMITE INTERNATIONAL, CA US","2020-05-03","0.00","0.0","0.0","69","81","57"
"USW00093193","FRESNO YOSEMITE INTERNATIONAL, CA US","2020-05-04","0.00","0.0","0.0","68","85","52"
"USW00093193","FRESNO YOSEMITE INTERNATIONAL, CA US","2020-05-05","0.00","0.0","0.0","72","89","57"
"USW00093193","FRESNO YOSEMITE INTERNATIONAL, CA US","2020-05-06","0.00","0.0","0.0","71","85","57"
"USW00093193","FRESNO YOSEMITE INTERNATIONAL, CA US","2020-05-07","0.00","0.0","0.0","73","91","58"
"USW00093193","FRESNO YOSEMITE INTERNATIONAL, CA US","2020-05-08","0.00","0.0","0.0","79","96","62"
"USW00093193","FRESNO YOSEMITE INTERNATIONAL, CA US","2020-05-09","0.00","0.0","0.0","81","99","65"
"USW00093193","FRESNO YOSEMITE INTERNATIONAL, CA US","2020-05-10","0.00","0.0","0.0","80","93","63"
"USW00093193","FRESNO YOSEMITE INTERNATIONAL, CA US","2020-05-11","0.00","0.0","0.0","74","86","59"
"USW00093193","FRESNO YOSEMITE INTERNATIONAL, CA US","2020-05-12","0.00","0.0","0.0","69","79","58"
"USW00093193","FRESNO YOSEMITE INTERNATIONAL, CA US","2020-05-13","0.00","0.0","0.0","65","78","54"
"USW00093193","FRESNO YOSEMITE INTERNATIONAL, CA US","2020-05-14","0.00","0.0","0.0","68","79","57"
"USW00093193","FRESNO YOSEMITE INTERNATIONAL, CA US","2020-05-15","0.00","0.0","0.0","68","81","57"
"USW00093193","FRESNO YOSEMITE INTERNATIONAL, CA US","2020-05-16","0.00","0.0","0.0","72","87","58"
"USW00093193","FRESNO YOSEMITE INTERNATIONAL, CA US","2020-05-17","0.01","0.0","0.0","73","86","61"
"USW00093193","FRESNO YOSEMITE INTERNATIONAL, CA US","2020-05-18","0.11","0.0","0.0","67","73","56"
"USW00093193","FRESNO YOSEMITE INTERNATIONAL, CA US","2020-05-19","0.00","0.0","0.0","61","71","51"
"USW00093193","FRESNO YOSEMITE INTERNATIONAL, CA US","2020-05-20","0.00","0.0","0.0","65","78","54"
"USW00093193","FRESNO YOSEMITE INTERNATIONAL, CA US","2020-05-21","0.00","0.0","0.0","69","85","57"
"USW00093193","FRESNO YOSEMITE INTERNATIONAL, CA US","2020-05-22","0.00","0.0","0.0","73","83","61"
"USW00093193","FRESNO YOSEMITE INTERNATIONAL, CA US","2020-05-23","0.00","0.0","0.0","69","84","55"
"USW00093193","FRESNO YOSEMITE INTERNATIONAL, CA US","2020-05-24","0.00","0.0","0.0","75","90","60"
"USW00093193","FRESNO YOSEMITE INTERNATIONAL, CA US","2020-05-25","0.00","0.0","0.0","81","98","67"
"USW00093193","FRESNO YOSEMITE INTERNATIONAL, CA US","2020-05-26","0.00","0.0","0.0","87","102","72"
"USW00093193","FRESNO YOSEMITE INTERNATIONAL, CA US","2020-05-27","0.00","0.0","0.0","90","105","74"
"USW00093193","FRESNO YOSEMITE INTERNATIONAL, CA US","2020-05-28","0.00","0.0","0.0","89","106","71"
"USW00093193","FRESNO YOSEMITE INTERNATIONAL, CA US","2020-05-29","0.00","0.0","0.0","87","95","72"
"USW00093193","FRESNO YOSEMITE INTERNATIONAL, CA US","2020-05-30","0.00","0.0","0.0","76","83","62"
"USW00093193","FRESNO YOSEMITE INTERNATIONAL, CA US","2020-05-31","0.00","0.0","0.0","71","81","60"
"USW00093193","FRESNO YOSEMITE INTERNATIONAL, CA US","2020-06-01","0.00","0.0","0.0","75","87","66"
"USW00093193","FRESNO YOSEMITE INTERNATIONAL, CA US","2020-06-02","0.00","0.0","0.0","78","94","66"
"USW00093193","FRESNO YOSEMITE INTERNATIONAL, CA US","2020-06-03","0.00","0.0","0.0","85","103","71"
"USW00093193","FRESNO YOSEMITE INTERNATIONAL, CA US","2020-06-04","0.00","0.0","0.0","89","106","73"
"USW00093193","FRESNO YOSEMITE INTERNATIONAL, CA US","2020-06-05","0.00","0.0","0.0","82","88","62"
"USW00093193","FRESNO YOSEMITE INTERNATIONAL, CA US","2020-06-06","0.00","0.0","0.0","70","81","59"
"USW00093193","FRESNO YOSEMITE INTERNATIONAL, CA US","2020-06-07","0.00","0.0","0.0","66","76","55"
"USW00093193","FRESNO YOSEMITE INTERNATIONAL, CA US","2020-06-08","0.00","0.0","0.0","66","82","54"
"USW00093193","FRESNO YOSEMITE INTERNATIONAL, CA US","2020-06-09","0.00","0.0","0.0","74","91","59"
"USW00093193","FRESNO YOSEMITE INTERNATIONAL, CA US","2020-06-10","0.00","0.0","0.0","81","97","66"
"USW00093193","FRESNO YOSEMITE INTERNATIONAL, CA US","2020-06-11","0.00","0.0","0.0","85","103","69"
"USW00093193","FRESNO YOSEMITE INTERNATIONAL, CA US","2020-06-12","0.00","0.0","0.0","82","87","62"
"USW00093193","FRESNO YOSEMITE INTERNATIONAL, CA US","2020-06-13","0.00","0.0","0.0","68","79","57"
"USW00093193","FRESNO YOSEMITE INTERNATIONAL, CA US","2020-06-14","0.00","0.0","0.0","70","86","57"
"USW00093193","FRESNO YOSEMITE INTERNATIONAL, CA US","2020-06-15","0.00","0.0","0.0","77","91","64"
"USW00093193","FRESNO YOSEMITE INTERNATIONAL, CA US","2020-06-16","0.00","0.0","0.0","74","85","60"
"USW00093193","FRESNO YOSEMITE INTERNATIONAL, CA US","2020-06-17","0.00","0.0","0.0","72","87","59"
"USW00093193","FRESNO YOSEMITE INTERNATIONAL, CA US","2020-06-18","0.00","0.0","0.0","79","95","65"
"USW00093193","FRESNO YOSEMITE INTERNATIONAL, CA US","2020-06-19","0.00","0.0","0.0","84","100","68"
"USW00093193","FRESNO YOSEMITE INTERNATIONAL, CA US","2020-06-20","0.00","0.0","0.0","86","100","70"
"USW00093193","FRESNO YOSEMITE INTERNATIONAL, CA US","2020-06-21","0.00","0.0","0.0","84","99","67"
"USW00093193","FRESNO YOSEMITE INTERNATIONAL, CA US","2020-06-22","0.00","0.0","0.0","86","101","71"
"USW00093193","FRESNO YOSEMITE INTERNATIONAL, CA US","2020-06-23","0.00","0.0","0.0","89","104","74"
"USW00093193","FRESNO YOSEMITE INTERNATIONAL, CA US","2020-06-24","0.00","0.0","0.0","89","103","74"
"USW00093193","FRESNO YOSEMITE INTERNATIONAL, CA US","2020-06-25","0.00","0.0","0.0","89","102","74"
"USW00093193","FRESNO YOSEMITE INTERNATIONAL, CA US","2020-06-26","0.00","0.0","0.0","88","102","76"
"USW00093193","FRESNO YOSEMITE INTERNATIONAL, CA US","2020-06-27","0.00","0.0","0.0","92","107","77"
"USW00093193","FRESNO YOSEMITE INTERNATIONAL, CA US","2020-06-28","0.00","0.0","0.0","84","92","62"
"USW00093193","FRESNO YOSEMITE INTERNATIONAL, CA US","2020-06-29","0.00","0.0","0.0","71","87","59"
"USW00093193","FRESNO YOSEMITE INTERNATIONAL, CA US","2020-06-30","0.00","0.0","0.0","79","94","65"
"USW00093193","FRESNO YOSEMITE INTERNATIONAL, CA US","2020-07-01","0.00","0.0","0.0","83","97","69"
"USW00093193","FRESNO YOSEMITE INTERNATIONAL, CA US","2020-07-02","0.00","0.0","0.0","80","95","66"
"USW00093193","FRESNO YOSEMITE INTERNATIONAL, CA US","2020-07-03","0.00","0.0","0.0","80","96","65"
"USW00093193","FRESNO YOSEMITE INTERNATIONAL, CA US","2020-07-04","0.00","0.0","0.0","83","99","66"
"USW00093193","FRESNO YOSEMITE INTERNATIONAL, CA US","2020-07-05","0.00","0.0","0.0","85","100","69"
"USW00093193","FRESNO YOSEMITE INTERNATIONAL, CA US","2020-07-06","0.00","0.0","0.0","84","98","66"
"USW00093193","FRESNO YOSEMITE INTERNATIONAL, CA US","2020-07-07","0.00","0.0","0.0","79","94","61"
"USW00093193","FRESNO YOSEMITE INTERNATIONAL, CA US","2020-07-08","0.00","0.0","0.0","81","98","66"
"USW00093193","FRESNO YOSEMITE INTERNATIONAL, CA US","2020-07-09","0.00","0.0","0.0","85","100","71"
"USW00093193","FRESNO YOSEMITE INTERNATIONAL, CA US","2020-07-10","0.00","0.0","0.0","87","103","71"
"USW00093193","FRESNO YOSEMITE INTERNATIONAL, CA US","2020-07-11","0.00","0.0","0.0","90","106","74"
"USW00093193","FRESNO YOSEMITE INTERNATIONAL, CA US","2020-07-12","0.00","0.0","0.0","92","108","75"
"USW00093193","FRESNO YOSEMITE INTERNATIONAL, CA US","2020-07-13","0.00","0.0","0.0","91","104","74"
"USW00093193","FRESNO YOSEMITE INTERNATIONAL, CA US","2020-07-14","0.00","0.0","0.0","84","98","68"
"USW00093193","FRESNO YOSEMITE INTERNATIONAL, CA US","2020-07-15","0.00","0.0","0.0","82","98","68"
"USW00093193","FRESNO YOSEMITE INTERNATIONAL, CA US","2020-07-16","0.00","0.0","0.0","85","100","71"
"USW00093193","FRESNO YOSEMITE INTERNATIONAL, CA US","2020-07-17","0.00","0.0","0.0","85","100","70"
"USW00093193","FRESNO YOSEMITE INTERNATIONAL, CA US","2020-07-18","0.00","0.0","0.0","85","101","70"
"USW00093193","FRESNO YOSEMITE INTERNATIONAL, CA US","2020-07-19","0.00","0.0","0.0","87","101","73"
"USW00093193","FRESNO YOSEMITE INTERNATIONAL, CA US","2020-07-20","0.00","0.0","0.0","85","100","72"
"USW00093193","FRESNO YOSEMITE INTERNATIONAL, CA US","2020-07-21","0.00","0.0","0.0","84","95","71"
"USW00093193","FRESNO YOSEMITE INTERNATIONAL, CA US","2020-07-22","0.00","0.0","0.0","82","97","67"
"USW00093193","FRESNO YOSEMITE INTERNATIONAL, CA US","2020-07-23","0.00","0.0","0.0","79","94","64"
"USW00093193","FRESNO YOSEMITE INTERNATIONAL, CA US","2020-07-24","0.00","0.0","0.0","83","98","69"
"USW00093193","FRESNO YOSEMITE INTERNATIONAL, CA US","2020-07-25","0.00","0.0","0.0","83","99","68"
"USW00093193","FRESNO YOSEMITE INTERNATIONAL, CA US","2020-07-26","0.00","0.0","0.0","86","102","72"
"USW00093193","FRESNO YOSEMITE INTERNATIONAL, CA US","2020-07-27","0.00","0.0","0.0","87","102","72"
"USW00093193","FRESNO YOSEMITE INTERNATIONAL, CA US","2020-07-28","0.00","0.0","0.0","87","103","71"
"USW00093193","FRESNO YOSEMITE INTERNATIONAL, CA US","2020-07-29","0.00","0.0","0.0","88","104","71"
"USW00093193","FRESNO YOSEMITE INTERNATIONAL, CA US","2020-07-30","0.00","0.0","0.0","87","104","70"
"USW00093193","FRESNO YOSEMITE INTERNATIONAL, CA US","2020-07-31","0.00","0.0","0.0","86","102","70"
"USW00093193","FRESNO YOSEMITE INTERNATIONAL, CA US","2020-08-01","0.00","0.0","0.0","85","101","67"
"USW00093193","FRESNO YOSEMITE INTERNATIONAL, CA US","2020-08-02","0.00","0.0","0.0","85","102","67"
"USW00093193","FRESNO YOSEMITE INTERNATIONAL, CA US","2020-08-03","0.00","0.0","0.0","86","101","69"
"USW00093193","FRESNO YOSEMITE INTERNATIONAL, CA US","2020-08-04","0.00","0.0","0.0","85","100","70"
"USW00093193","FRESNO YOSEMITE INTERNATIONAL, CA US","2020-08-05","0.00","0.0","0.0","80","93","64"
"USW00093193","FRESNO YOSEMITE INTERNATIONAL, CA US","2020-08-06","0.00","0.0","0.0","74","89","61"
"USW00093193","FRESNO YOSEMITE INTERNATIONAL, CA US","2020-08-07","0.00","0.0","0.0","79","94","67"
"USW00093193","FRESNO YOSEMITE INTERNATIONAL, CA US","2020-08-08","0.00","0.0","0.0","84","99","70"
"USW00093193","FRESNO YOSEMITE INTERNATIONAL, CA US","2020-08-09","0.00","0.0","0.0","87","102","72"
"USW00093193","FRESNO YOSEMITE INTERNATIONAL, CA US","2020-08-10","0.00","0.0","0.0","88","103","74"
"USW00093193","FRESNO YOSEMITE INTERNATIONAL, CA US","2020-08-11","0.00","0.0","0.0","87","101","72"
"USW00093193","FRESNO YOSEMITE INTERNATIONAL, CA US","2020-08-12","0.00","0.0","0.0","85","103","71"
"USW00093193","FRESNO YOSEMITE INTERNATIONAL, CA US","2020-08-13","0.00","0.0","0.0","87","95","73"
"USW00093193","FRESNO YOSEMITE INTERNATIONAL, CA US","2020-08-14","0.00","0.0","0.0","88","106","75"
"USW00093193","FRESNO YOSEMITE INTERNATIONAL, CA US","2020-08-15","0.00","0.0","0.0","94","107","77"
"USW00093193","FRESNO YOSEMITE INTERNATIONAL, CA US","2020-08-16","0.00","0.0","0.0","94","112","81"
"USW00093193","FRESNO YOSEMITE INTERNATIONAL, CA US","2020-08-17","0.00","0.0","0.0","94","108","81"
"USW00093193","FRESNO YOSEMITE INTERNATIONAL, CA US","2020-08-18","0.00","0.0","0.0","93","107","81"
"USW00093193","FRESNO YOSEMITE INTERNATIONAL, CA US","2020-08-19","0.00","0.0","0.0","94","102","82"
"USW00093193","FRESNO YOSEMITE INTERNATIONAL, CA US","2020-08-20","0.00","0.0","0.0","86","100","75"
"USW00093193","FRESNO YOSEMITE INTERNATIONAL, CA US","2020-08-21","0.00","0.0","0.0","84","99","70"
"USW00093193","FRESNO YOSEMITE INTERNATIONAL, CA US","2020-08-22","0.00","0.0","0.0","83","99","72"
"USW00093193","FRESNO YOSEMITE INTERNATIONAL, CA US","2020-08-23","0.00","0.0","0.0","85","96","74"
"USW00093193","FRESNO YOSEMITE INTERNATIONAL, CA US","2020-08-24","0.00","0.0","0.0","87","101","76"
"USW00093193","FRESNO YOSEMITE INTERNATIONAL, CA US","2020-08-25","0.00","0.0","0.0","87","99","74"
"USW00093193","FRESNO YOSEMITE INTERNATIONAL, CA US","2020-08-26","0.00","0.0","0.0","85","99","73"
"USW00093193","FRESNO YOSEMITE INTERNATIONAL, CA US","2020-08-27","0.00","0.0","0.0","83","97","69"
"USW00093193","FRESNO YOSEMITE INTERNATIONAL, CA US","2020-08-28","0.00","0.0","0.0","83","101","69"
"USW00093193","FRESNO YOSEMITE INTERNATIONAL, CA US","2020-08-29","0.00","0.0","0.0","86","101","70"
"USW00093193","FRESNO YOSEMITE INTERNATIONAL, CA US","2020-08-30","0.00","0.0","0.0","83","98","68"
"USW00093193","FRESNO YOSEMITE INTERNATIONAL, CA US","2020-08-31","0.00","0.0","0.0","84","97","70"
"USW00093193","FRESNO YOSEMITE INTERNATIONAL, CA US","2020-09-01","0.00","0.0","0.0","82","97","70"
"USW00093193","FRESNO YOSEMITE INTERNATIONAL, CA US","2020-09-02","0.00","0.0","0.0","80","95","67"
"USW00093193","FRESNO YOSEMITE INTERNATIONAL, CA US","2020-09-03","0.00","0.0","0.0","80","95","67"
"USW00093193","FRESNO YOSEMITE INTERNATIONAL, CA US","2020-09-04","0.00","0.0","0.0","84","98","70"
"USW00093193","FRESNO YOSEMITE INTERNATIONAL, CA US","2020-09-05","0.00","0.0","0.0","87","105","75"
"USW00093193","FRESNO YOSEMITE INTERNATIONAL, CA US","2020-09-06","0.00","0.0","0.0","89","103","75"
"USW00093193","FRESNO YOSEMITE INTERNATIONAL, CA US","2020-09-07","0.00","0.0","0.0","90","106","77"
"USW00093193","FRESNO YOSEMITE INTERNATIONAL, CA US","2020-09-08","0.00","0.0","0.0","89","98","76"
"USW00093193","FRESNO YOSEMITE INTERNATIONAL, CA US","2020-09-09","0.00","0.0","0.0","83","91","72"
"USW00093193","FRESNO YOSEMITE INTERNATIONAL, CA US","2020-09-10","0.00","0.0","0.0","77","86","66"
"USW00093193","FRESNO YOSEMITE INTERNATIONAL, CA US","2020-09-11","0.00","0.0","0.0","72","81","62"
"USW00093193","FRESNO YOSEMITE INTERNATIONAL, CA US","2020-09-12","0.00","0.0","0.0","72","85","61"
"USW00093193","FRESNO YOSEMITE INTERNATIONAL, CA US","2020-09-13","0.00","0.0","0.0","74","90","63"
"USW00093193","FRESNO YOSEMITE INTERNATIONAL, CA US","2020-09-14","0.00","0.0","0.0","77","94","64"
"USW00093193","FRESNO YOSEMITE INTERNATIONAL, CA US","2020-09-15","0.00","0.0","0.0","77","92","63"
"USW00093193","FRESNO YOSEMITE INTERNATIONAL, CA US","2020-09-16","0.00","0.0","0.0","78","92","65"
"USW00093193","FRESNO YOSEMITE INTERNATIONAL, CA US","2020-09-17","0.00","0.0","0.0","78","89","65"
"USW00093193","FRESNO YOSEMITE INTERNATIONAL, CA US","2020-09-18","0.00","0.0","0.0","78","84","69"
"USW00093193","FRESNO YOSEMITE INTERNATIONAL, CA US","2020-09-19","0.00","0.0","0.0","74","87","63"
"USW00093193","FRESNO YOSEMITE INTERNATIONAL, CA US","2020-09-20","0.00","0.0","0.0","75","90","63"
"USW00093193","FRESNO YOSEMITE INTERNATIONAL, CA US","2020-09-21","0.00","0.0","0.0","78","95","64"
"USW00093193","FRESNO YOSEMITE INTERNATIONAL, CA US","2020-09-22","0.00","0.0","0.0","79","94","65"
"USW00093193","FRESNO YOSEMITE INTERNATIONAL, CA US","2020-09-23","0.00","0.0","0.0","77","93","62"
"USW00093193","FRESNO YOSEMITE INTERNATIONAL, CA US","2020-09-24","0.00","0.0","0.0","77","90","63"
"USW00093193","FRESNO YOSEMITE INTERNATIONAL, CA US","2020-09-25","0.00","0.0","0.0","76","88","63"
"USW00093193","FRESNO YOSEMITE INTERNATIONAL, CA US","2020-09-26","0.00","0.0","0.0","75","90","63"
"USW00093193","FRESNO YOSEMITE INTERNATIONAL, CA US","2020-09-27","0.00","0.0","0.0","78","92","65"
"USW00093193","FRESNO YOSEMITE INTERNATIONAL, CA US","2020-09-28","0.00","0.0","0.0","79","93","67"
"USW00093193","FRESNO YOSEMITE INTERNATIONAL, CA US","2020-09-29","0.00","0.0","0.0","82","102","67"
"USW00093193","FRESNO YOSEMITE INTERNATIONAL, CA US","2020-09-30","0.00","0.0","0.0","82","95","67"
"USW00093193","FRESNO YOSEMITE INTERNATIONAL, CA US","2020-10-01","0.00","0.0","0.0","81","96","67"
"USW00093193","FRESNO YOSEMITE INTERNATIONAL, CA US","2020-10-02","0.00","0.0","0.0","80","96","66"
"USW00093193","FRESNO YOSEMITE INTERNATIONAL, CA US","2020-10-03","0.00","0.0","0.0","80","95","66"
"USW00093193","FRESNO YOSEMITE INTERNATIONAL, CA US","2020-10-04","0.00","0.0","0.0","80","95","67"
"USW00093193","FRESNO YOSEMITE INTERNATIONAL, CA US","2020-10-05","0.00","0.0","0.0","78","94","65"
"USW00093193","FRESNO YOSEMITE INTERNATIONAL, CA US","2020-10-06","0.00","0.0","0.0","77","89","63"
"USW00093193","FRESNO YOSEMITE INTERNATIONAL, CA US","2020-10-07","0.00","0.0","0.0","75","89","62"
"USW00093193","FRESNO YOSEMITE INTERNATIONAL, CA US","2020-10-08","0.00","0.0","0.0","74","84","63"
"USW00093193","FRESNO YOSEMITE INTERNATIONAL, CA US","2020-10-09","0.00","0.0","0.0","67","79","56"
"USW00093193","FRESNO YOSEMITE INTERNATIONAL, CA US","2020-10-10","0.00","0.0","0.0","68","82","57"
"USW00093193","FRESNO YOSEMITE INTERNATIONAL, CA US","2020-10-11","0.00","0.0","0.0","70","80","60"
"USW00093193","FRESNO YOSEMITE INTERNATIONAL, CA US","2020-10-12","0.00","0.0","0.0","71","86","60"
"USW00093193","FRESNO YOSEMITE INTERNATIONAL, CA US","2020-10-13","0.00","0.0","0.0","73","88","61"
"USW00093193","FRESNO YOSEMITE INTERNATIONAL, CA US","2020-10-14","0.00","0.0","0.0","74","87","61"
"USW00093193","FRESNO YOSEMITE INTERNATIONAL, CA US","2020-10-15","0.00","0.0","0.0","75","90","62"
"USW00093193","FRESNO YOSEMITE INTERNATIONAL, CA US","2020-10-16","0.00","0.0","0.0","75","93","62"
"USW00093193","FRESNO YOSEMITE INTERNATIONAL, CA US","2020-10-17","0.00","0.0","0.0","76","92","61"
"USW00093193","FRESNO YOSEMITE INTERNATIONAL, CA US","2020-10-18","0.00","0.0","0.0","76","92","61"
"USW00093193","FRESNO YOSEMITE INTERNATIONAL, CA US","2020-10-19","0.00","0.0","0.0","74","91","59"
"USW00093193","FRESNO YOSEMITE INTERNATIONAL, CA US","2020-10-20","0.00","0.0","0.0","73","88","60"
"USW00093193","FRESNO YOSEMITE INTERNATIONAL, CA US","2020-10-21","0.00","0.0","0.0","72","86","60"
"USW00093193","FRESNO YOSEMITE INTERNATIONAL, CA US","2020-10-22","0.00","0.0","0.0","71","84","59"
"USW00093193","FRESNO YOSEMITE INTERNATIONAL, CA US","2020-10-23","0.00","0.0","0.0","67","80","54"
"USW00093193","FRESNO YOSEMITE INTERNATIONAL, CA US","2020-10-24","0.00","0.0","0.0","66","77","54"
"USW00093193","FRESNO YOSEMITE INTERNATIONAL, CA US","2020-10-25","0.00","0.0","0.0","63","71","52"
"USW00093193","FRESNO YOSEMITE INTERNATIONAL, CA US","2020-10-26","0.00","0.0","0.0","57","66","48"
"USW00093193","FRESNO YOSEMITE INTERNATIONAL, CA US","2020-10-27","0.00","0.0","0.0","58","72","47"
"USW00093193","FRESNO YOSEMITE INTERNATIONAL, CA US","2020-10-28","0.00","0.0","0.0","60","78","45"
"USW00093193","FRESNO YOSEMITE INTERNATIONAL, CA US","2020-10-29","0.00","0.0","0.0","62","80","47"
"USW00093193","FRESNO YOSEMITE INTERNATIONAL, CA US","2020-10-30","0.00","0.0","0.0","63","80","48"
"USW00093193","FRESNO YOSEMITE INTERNATIONAL, CA US","2020-10-31","0.00","0.0","0.0","64","80","45"
"USW00093193","FRESNO YOSEMITE INTERNATIONAL, CA US","2020-11-01","0.00","0.0","0.0","64","82","51"
"USW00093193","FRESNO YOSEMITE INTERNATIONAL, CA US","2020-11-02","0.00","0.0","0.0","65","80","53"
"USW00093193","FRESNO YOSEMITE INTERNATIONAL, CA US","2020-11-03","0.00","0.0","0.0","65","81","51"
"USW00093193","FRESNO YOSEMITE INTERNATIONAL, CA US","2020-11-04","0.00","0.0","0.0","64","80","50"
"USW00093193","FRESNO YOSEMITE INTERNATIONAL, CA US","2020-11-05","0.00","0.0","0.0","63","76","51"
"USW00093193","FRESNO YOSEMITE INTERNATIONAL, CA US","2020-11-06","0.00","0.0","0.0","62","65","47"
"USW00093193","FRESNO YOSEMITE INTERNATIONAL, CA US","2020-11-07","0.10","0.0","0.0","51","56","46"
"USW00093193","FRESNO YOSEMITE INTERNATIONAL, CA US","2020-11-08","0.01","0.0","0.0","50","57","38"
"USW00093193","FRESNO YOSEMITE INTERNATIONAL, CA US","2020-11-09","0.00","0.0","0.0","44","56","36"
"USW00093193","FRESNO YOSEMITE INTERNATIONAL, CA US","2020-11-10","0.00","0.0","0.0","47","59","37"
"USW00093193","FRESNO YOSEMITE INTERNATIONAL, CA US","2020-11-11","0.00","0.0","0.0","49","60","39"
"USW00093193","FRESNO YOSEMITE INTERNATIONAL, CA US","2020-11-12","0.00","0.0","0.0","53","66","44"
"USW00093193","FRESNO YOSEMITE INTERNATIONAL, CA US","2020-11-13","0.00","0.0","0.0","53","68","40"
"USW00093193","FRESNO YOSEMITE INTERNATIONAL, CA US","2020-11-14","0.00","0.0","0.0","59","66","48"
"USW00093193","FRESNO YOSEMITE INTERNATIONAL, CA US","2020-11-15","0.00","0.0","0.0","53","68","43"
"USW00093193","FRESNO YOSEMITE INTERNATIONAL, CA US","2020-11-16","0.00","0.0","0.0","56","72","43"
"USW00093193","FRESNO YOSEMITE INTERNATIONAL, CA US","2020-11-17","0.00","0.0","0.0","62","77","50"
"USW00093193","FRESNO YOSEMITE INTERNATIONAL, CA US","2020-11-18","0.17","0.0","0.0","62","67","51"
"USW00093193","FRESNO YOSEMITE INTERNATIONAL, CA US","2020-11-19","0.00","0.0","0.0","56","65","48"
"USW00093193","FRESNO YOSEMITE INTERNATIONAL, CA US","2020-11-20","0.00","0.0","0.0","52","60","45"
"USW00093193","FRESNO YOSEMITE INTERNATIONAL, CA US","2020-11-21","0.00","0.0","0.0","51","61","42"
"USW00093193","FRESNO YOSEMITE INTERNATIONAL, CA US","2020-11-22","0.00","0.0","0.0","51","65","41"
"USW00093193","FRESNO YOSEMITE INTERNATIONAL, CA US","2020-11-23","0.00","0.0","0.0","53","63","43"
"USW00093193","FRESNO YOSEMITE INTERNATIONAL, CA US","2020-11-24","0.00","0.0","0.0","51","64","42"
"USW00093193","FRESNO YOSEMITE INTERNATIONAL, CA US","2020-11-25","0.00","0.0","0.0","52","64","40"
"USW00093193","FRESNO YOSEMITE INTERNATIONAL, CA US","2020-11-26","0.00","0.0","0.0","49","60","36"
"USW00093193","FRESNO YOSEMITE INTERNATIONAL, CA US","2020-11-27","0.00","0.0","0.0","49","64","37"
"USW00093193","FRESNO YOSEMITE INTERNATIONAL, CA US","2020-11-28","0.00","0.0","0.0","49","65","35"
"USW00093193","FRESNO YOSEMITE INTERNATIONAL, CA US","2020-11-29","0.00","0.0","0.0","49","66","34"
"USW00093193","FRESNO YOSEMITE INTERNATIONAL, CA US","2020-11-30","0.00","0.0","0.0","49","65","36"
"USW00093193","FRESNO YOSEMITE INTERNATIONAL, CA US","2020-12-01","0.00","0.0","0.0","50","64","38"
"USW00093193","FRESNO YOSEMITE INTERNATIONAL, CA US","2020-12-02","0.00","0.0","0.0","49","66","37"
"USW00093193","FRESNO YOSEMITE INTERNATIONAL, CA US","2020-12-03","0.00","0.0","0.0","54","69","42"
"USW00093193","FRESNO YOSEMITE INTERNATIONAL, CA US","2020-12-04","0.00","0.0","0.0","51","67","38"
"USW00093193","FRESNO YOSEMITE INTERNATIONAL, CA US","2020-12-05","0.00","0.0","0.0","53","69","40"
"USW00093193","FRESNO YOSEMITE INTERNATIONAL, CA US","2020-12-06","0.00","0.0","0.0","52","64","40"
"USW00093193","FRESNO YOSEMITE INTERNATIONAL, CA US","2020-12-07","0.00","0.0","0.0","48","63","37"
"USW00093193","FRESNO YOSEMITE INTERNATIONAL, CA US","2020-12-08","0.00","0.0","0.0","49","63","37"
"USW00093193","FRESNO YOSEMITE INTERNATIONAL, CA US","2020-12-09","0.00","0.0","0.0","52","69","41"
"USW00093193","FRESNO YOSEMITE INTERNATIONAL, CA US","2020-12-10","0.00","0.0","0.0","51","64","39"
"USW00093193","FRESNO YOSEMITE INTERNATIONAL, CA US","2020-12-11","0.08","0.0","0.0","48","59","37"
"USW00093193","FRESNO YOSEMITE INTERNATIONAL, CA US","2020-12-12","0.26","0.0","0.0","51","53","46"
"USW00093193","FRESNO YOSEMITE INTERNATIONAL, CA US","2020-12-13","0.45","0.0","0.0","50","55","44"
"USW00093193","FRESNO YOSEMITE INTERNATIONAL, CA US","2020-12-14","0.00","0.0","0.0","49","55","43"
"USW00093193","FRESNO YOSEMITE INTERNATIONAL, CA US","2020-12-15","0.00","0.0","0.0","45","55","38"
"USW00093193","FRESNO YOSEMITE INTERNATIONAL, CA US","2020-12-16","0.00","0.0","0.0","46","58","37"
"USW00093193","FRESNO YOSEMITE INTERNATIONAL, CA US","2020-12-17","0.01","0.0","0.0","51","58","44"
"USW00093193","FRESNO YOSEMITE INTERNATIONAL, CA US","2020-12-18","0.00","0.0","0.0","46","53","40"
"USW00093193","FRESNO YOSEMITE INTERNATIONAL, CA US","2020-12-19","0.00","0.0","0.0","44","57","35"
"USW00093193","FRESNO YOSEMITE INTERNATIONAL, CA US","2020-12-20","0.00","0.0","0.0","43","47","37"
"USW00093193","FRESNO YOSEMITE INTERNATIONAL, CA US","2020-12-21","0.00","0.0","0.0","41","52","35"
"USW00093193","FRESNO YOSEMITE INTERNATIONAL, CA US","2020-12-22","0.00","0.0","0.0","42","44","38"
"USW00093193","FRESNO YOSEMITE INTERNATIONAL, CA US","2020-12-23","0.00","0.0","0.0","43","48","38"
"USW00093193","FRESNO YOSEMITE INTERNATIONAL, CA US","2020-12-24","0.00","0.0","0.0","42","56","37"
"USW00093193","FRESNO YOSEMITE INTERNATIONAL, CA US","2020-12-25","0.00","0.0","0.0","44","60","36"
"USW00093193","FRESNO YOSEMITE INTERNATIONAL, CA US","2020-12-26","0.03","0.0","0.0","54","61","44"
"USW00093193","FRESNO YOSEMITE INTERNATIONAL, CA US","2020-12-27","0.03","0.0","0.0","48","59","42"
"USW00093193","FRESNO YOSEMITE INTERNATIONAL, CA US","2020-12-28","0.28","0.0","0.0","51","57","43"
"USW00093193","FRESNO YOSEMITE INTERNATIONAL, CA US","2020-12-29","0.00","0.0","0.0","47","56","38"
"USW00093193","FRESNO YOSEMITE INTERNATIONAL, CA US","2020-12-30","0.00","0.0","0.0","46","57","37"
"USW00093193","FRESNO YOSEMITE INTERNATIONAL, CA US","2020-12-31","0.00","0.0","0.0","47","51","42"
"USW00093193","FRESNO YOSEMITE INTERNATIONAL, CA US","2021-01-01","0.00","0.0","0.0","47","56","39"
"USW00093193","FRESNO YOSEMITE INTERNATIONAL, CA US","2021-01-02","0.00","0.0","0.0","47","60","39"
"USW00093193","FRESNO YOSEMITE INTERNATIONAL, CA US","2021-01-03","0.00","0.0","0.0","53","60","48"
"USW00093193","FRESNO YOSEMITE INTERNATIONAL, CA US","2021-01-04","0.00","0.0","0.0","55","63","47"
"USW00093193","FRESNO YOSEMITE INTERNATIONAL, CA US","2021-01-05","0.00","0.0","0.0","51","60","42"
"USW00093193","FRESNO YOSEMITE INTERNATIONAL, CA US","2021-01-06","0.00","0.0","0.0","48","59","39"
"USW00093193","FRESNO YOSEMITE INTERNATIONAL, CA US","2021-01-07","0.00","0.0","0.0","46","55","38"
"USW00093193","FRESNO YOSEMITE INTERNATIONAL, CA US","2021-01-08","0.00","0.0","0.0","45","54","42"
"USW00093193","FRESNO YOSEMITE INTERNATIONAL, CA US","2021-01-09","0.00","0.0","0.0","47","51","43"
"USW00093193","FRESNO YOSEMITE INTERNATIONAL, CA US","2021-01-10","0.00","0.0","0.0","46","59","37"
"USW00093193","FRESNO YOSEMITE INTERNATIONAL, CA US","2021-01-11","0.00","0.0","0.0","48","60","39"
"USW00093193","FRESNO YOSEMITE INTERNATIONAL, CA US","2021-01-12","0.00","0.0","0.0","49","58","41"
"USW00093193","FRESNO YOSEMITE INTERNATIONAL, CA US","2021-01-13","0.00","0.0","0.0","50","64","40"
"USW00093193","FRESNO YOSEMITE INTERNATIONAL, CA US","2021-01-14","0.00","0.0","0.0","51","62","40"
"USW00093193","FRESNO YOSEMITE INTERNATIONAL, CA US","2021-01-15","0.00","0.0","0.0","52","68","42"
"USW00093193","FRESNO YOSEMITE INTERNATIONAL, CA US","2021-01-16","0.00","0.0","0.0","53","65","43"
"USW00093193","FRESNO YOSEMITE INTERNATIONAL, CA US","2021-01-17","0.00","0.0","0.0","54","70","43"
"USW00093193","FRESNO YOSEMITE INTERNATIONAL, CA US","2021-01-18","0.00","0.0","0.0","55","69","44"
"USW00093193","FRESNO YOSEMITE INTERNATIONAL, CA US","2021-01-19","0.00","0.0","0.0","56","68","44"
"USW00093193","FRESNO YOSEMITE INTERNATIONAL, CA US","2021-01-20","0.00","0.0","0.0","51","65","37"
"USW00093193","FRESNO YOSEMITE INTERNATIONAL, CA US","2021-01-21","0.00","0.0","0.0","51","68","39"
"USW00093193","FRESNO YOSEMITE INTERNATIONAL, CA US","2021-01-22","0.13","0.0","0.0","53","56","45"
"USW00093193","FRESNO YOSEMITE INTERNATIONAL, CA US","2021-01-23","0.41","0.0","0.0","47","56","43"
"USW00093193","FRESNO YOSEMITE INTERNATIONAL, CA US","2021-01-24","0.36","0.0","0.0","47","54","41"
"USW00093193","FRESNO YOSEMITE INTERNATIONAL, CA US","2021-01-25","0.26","0.0","0.0","45","47","41"
"USW00093193","FRESNO YOSEMITE INTERNATIONAL, CA US","2021-01-26","0.08","0.0","0.0","43","51","35"
"USW00093193","FRESNO YOSEMITE INTERNATIONAL, CA US","2021-01-27","0.31","0.0","0.0","47","55","43"
"USW00093193","FRESNO YOSEMITE INTERNATIONAL, CA US","2021-01-28","1.78","0.0","0.0","52","55","46"
"USW00093193","FRESNO YOSEMITE INTERNATIONAL, CA US","2021-01-29","0.07","0.0","0.0","48","56","41"
"USW00093193","FRESNO YOSEMITE INTERNATIONAL, CA US","2021-01-30","0.00","0.0","0.0","47","60","38"
"USW00093193","FRESNO YOSEMITE INTERNATIONAL, CA US","2021-01-31","0.00","0.0","0.0","50","63","40"
"USW00093193","FRESNO YOSEMITE INTERNATIONAL, CA US","2021-02-01","0.00","0.0","0.0","58","73","51"
"USW00093193","FRESNO YOSEMITE INTERNATIONAL, CA US","2021-02-02","0.00","0.0","0.0","59","71","46"
"USW00093193","FRESNO YOSEMITE INTERNATIONAL, CA US","2021-02-03","0.00","0.0","0.0","54","60","45"
"USW00093193","FRESNO YOSEMITE INTERNATIONAL, CA US","2021-02-04","0.00","0.0","0.0","48","57","41"
"USW00093193","FRESNO YOSEMITE INTERNATIONAL, CA US","2021-02-05","0.00","0.0","0.0","49","62","38"
"USW00093193","FRESNO YOSEMITE INTERNATIONAL, CA US","2021-02-06","0.00","0.0","0.0","52","67","41"
"USW00093193","FRESNO YOSEMITE INTERNATIONAL, CA US","2021-02-07","0.00","0.0","0.0","53","68","42"
"USW00093193","FRESNO YOSEMITE INTERNATIONAL, CA US","2021-02-08","0.00","0.0","0.0","53","66","42"
"USW00093193","FRESNO YOSEMITE INTERNATIONAL, CA US","2021-02-09","0.00","0.0","0.0","57","66","50"
"USW00093193","FRESNO YOSEMITE INTERNATIONAL, CA US","2021-02-10","0.00","0.0","0.0","57","68","48"
"USW00093193","FRESNO YOSEMITE INTERNATIONAL, CA US","2021-02-11","0.01","0.0","0.0","56","64","47"
"USW00093193","FRESNO YOSEMITE INTERNATIONAL, CA US","2021-02-12","0.26","0.0","0.0","56","61","49"
"USW00093193","FRESNO YOSEMITE INTERNATIONAL, CA US","2021-02-13","0.02","0.0","0.0","54","62","47"
"USW00093193","FRESNO YOSEMITE INTERNATIONAL, CA US","2021-02-14","0.00","0.0","0.0","51","59","42"
"USW00093193","FRESNO YOSEMITE INTERNATIONAL, CA US","2021-02-15","0.00","0.0","0.0","53","59","48"
"USW00093193","FRESNO YOSEMITE INTERNATIONAL, CA US","2021-02-16","0.00","0.0","0.0","52","61","43"
"USW00093193","FRESNO YOSEMITE INTERNATIONAL, CA US","2021-02-17","0.00","0.0","0.0","50","61","38"
"USW00093193","FRESNO YOSEMITE INTERNATIONAL, CA US","2021-02-18","0.00","0.0","0.0","51","65","40"
"USW00093193","FRESNO YOSEMITE INTERNATIONAL, CA US","2021-02-19","0.00","0.0","0.0","54","70","41"
"USW00093193","FRESNO YOSEMITE INTERNATIONAL, CA US","2021-02-20","0.00","0.0","0.0","55","59","45"
"USW00093193","FRESNO YOSEMITE INTERNATIONAL, CA US","2021-02-21","0.00","0.0","0.0","49","63","38"
"USW00093193","FRESNO YOSEMITE INTERNATIONAL, CA US","2021-02-22","0.00","0.0","0.0","53","70","40"
"USW00093193","FRESNO YOSEMITE INTERNATIONAL, CA US","2021-02-23","0.00","0.0","0.0","56","70","44"
"USW00093193","FRESNO YOSEMITE INTERNATIONAL, CA US","2021-02-24","0.00","0.0","0.0","56","70","44"
"USW00093193","FRESNO YOSEMITE INTERNATIONAL, CA US","2021-02-25","0.00","0.0","0.0","53","66","39"
"USW00093193","FRESNO YOSEMITE INTERNATIONAL, CA US","2021-02-26","0.00","0.0","0.0","54","68","41"
"USW00093193","FRESNO YOSEMITE INTERNATIONAL, CA US","2021-02-27","0.00","0.0","0.0","54","65","43"
"USW00093193","FRESNO YOSEMITE INTERNATIONAL, CA US","2021-02-28","0.00","0.0","0.0","53","67","40"
"USW00093193","FRESNO YOSEMITE INTERNATIONAL, CA US","2021-03-01","0.00","0.0","0.0","56","73","41"
"USW00093193","FRESNO YOSEMITE INTERNATIONAL, CA US","2021-03-02","0.00","0.0","0.0","58","74","43"
"USW00093193","FRESNO YOSEMITE INTERNATIONAL, CA US","2021-03-03","0.00","0.0","0.0","56","66","46"
"USW00093193","FRESNO YOSEMITE INTERNATIONAL, CA US","2021-03-04","0.00","0.0","0.0","55","70","43"
"USW00093193","FRESNO YOSEMITE INTERNATIONAL, CA US","2021-03-05","0.00","0.0","0.0","57","76","43"
"USW00093193","FRESNO YOSEMITE INTERNATIONAL, CA US","2021-03-06","0.00","0.0","0.0","60","66","48"
"USW00093193","FRESNO YOSEMITE INTERNATIONAL, CA US","2021-03-07","0.00","0.0","0.0","54","64","43"
"USW00093193","FRESNO YOSEMITE INTERNATIONAL, CA US","2021-03-08","0.00","0.0","0.0","56","64","47"
"USW00093193","FRESNO YOSEMITE INTERNATIONAL, CA US","2021-03-09","0.00","0.0","0.0","52","62","42"
"USW00093193","FRESNO YOSEMITE INTERNATIONAL, CA US","2021-03-10","0.43","0.0","0.0","52","57","42"
"USW00093193","FRESNO YOSEMITE INTERNATIONAL, CA US","2021-03-11","0.00","0.0","0.0","45","55","40"
"USW00093193","FRESNO YOSEMITE INTERNATIONAL, CA US","2021-03-12","0.00","0.0","0.0","51","60","44"
"USW00093193","FRESNO YOSEMITE INTERNATIONAL, CA US","2021-03-13","0.00","0.0","0.0","53","66","43"
"USW00093193","FRESNO YOSEMITE INTERNATIONAL, CA US","2021-03-14","0.00","0.0","0.0","53","64","42"
"USW00093193","FRESNO YOSEMITE INTERNATIONAL, CA US","2021-03-15","0.48","0.0","0.0","50","53","41"
"USW00093193","FRESNO YOSEMITE INTERNATIONAL, CA US","2021-03-16","0.00","0.0","0.0","45","56","38"
"USW00093193","FRESNO YOSEMITE INTERNATIONAL, CA US","2021-03-17","0.00","0.0","0.0","50","63","40"
"USW00093193","FRESNO YOSEMITE INTERNATIONAL, CA US","2021-03-18","0.00","0.0","0.0","60","73","54"
"USW00093193","FRESNO YOSEMITE INTERNATIONAL, CA US","2021-03-19","0.39","0.0","0.0","62","67","53"
"USW00093193","FRESNO YOSEMITE INTERNATIONAL, CA US","2021-03-20","0.03","0.0","0.0","54","62","46"
"USW00093193","FRESNO YOSEMITE INTERNATIONAL, CA US","2021-03-21","0.00","0.0","0.0","52","64","42"
"USW00093193","FRESNO YOSEMITE INTERNATIONAL, CA US","2021-03-22","0.00","0.0","0.0","55","68","44"
"USW00093193","FRESNO YOSEMITE INTERNATIONAL, CA US","2021-03-23","0.00","0.0","0.0","56","70","47"
"USW00093193","FRESNO YOSEMITE INTERNATIONAL, CA US","2021-03-24","0.00","0.0","0.0","57","69","43"
"USW00093193","FRESNO YOSEMITE INTERNATIONAL, CA US","2021-03-25","0.00","0.0","0.0","57","64","47"
"USW00093193","FRESNO YOSEMITE INTERNATIONAL, CA US","2021-03-26","0.00","0.0","0.0","55","70","44"
"USW00093193","FRESNO YOSEMITE INTERNATIONAL, CA US","2021-03-27","0.00","0.0","0.0","61","76","48"
"USW00093193","FRESNO YOSEMITE INTERNATIONAL, CA US","2021-03-28","0.00","0.0","0.0","65","83","50"
"USW00093193","FRESNO YOSEMITE INTERNATIONAL, CA US","2021-03-29","0.00","0.0","0.0","67","81","50"
"USW00093193","FRESNO YOSEMITE INTERNATIONAL, CA US","2021-03-30","0.00","0.0","0.0","62","76","48"
"USW00093193","FRESNO YOSEMITE INTERNATIONAL, CA US","2021-03-31","0.00","0.0","0.0","66","84","50"
"USW00093193","FRESNO YOSEMITE INTERNATIONAL, CA US","2021-04-01","0.00","0.0","0.0","69","87","53"
"USW00093193","FRESNO YOSEMITE INTERNATIONAL, CA US","2021-04-02","0.00","0.0","0.0","71","88","55"
"USW00093193","FRESNO YOSEMITE INTERNATIONAL, CA US","2021-04-03","0.00","0.0","0.0","68","81","52"
"USW00093193","FRESNO YOSEMITE INTERNATIONAL, CA US","2021-04-04","0.00","0.0","0.0","62","76","49"
"USW00093193","FRESNO YOSEMITE INTERNATIONAL, CA US","2021-04-05","0.00","0.0","0.0","62","74","49"
"USW00093193","FRESNO YOSEMITE INTERNATIONAL, CA US","2021-04-06","0.00","0.0","0.0","61","77","48"
"USW00093193","FRESNO YOSEMITE INTERNATIONAL, CA US","2021-04-07","0.00","0.0","0.0","66","81","53"
"USW00093193","FRESNO YOSEMITE INTERNATIONAL, CA US","2021-04-08","0.00","0.0","0.0","63","77","49"
"USW00093193","FRESNO YOSEMITE INTERNATIONAL, CA US","2021-04-09","0.00","0.0","0.0","65","80","51"
"USW00093193","FRESNO YOSEMITE INTERNATIONAL, CA US","2021-04-10","0.00","0.0","0.0","62","75","47"
"USW00093193","FRESNO YOSEMITE INTERNATIONAL, CA US","2021-04-11","0.00","0.0","0.0","67","80","53"
"USW00093193","FRESNO YOSEMITE INTERNATIONAL, CA US","2021-04-12","0.00","0.0","0.0","69","83","54"
"USW00093193","FRESNO YOSEMITE INTERNATIONAL, CA US","2021-04-13","0.00","0.0","0.0","68","78","54"
"USW00093193","FRESNO YOSEMITE INTERNATIONAL, CA US","2021-04-14","0.00","0.0","0.0","60","70","48"
"USW00093193","FRESNO YOSEMITE INTERNATIONAL, CA US","2021-04-15","0.00","0.0","0.0","62","77","50"
"USW00093193","FRESNO YOSEMITE INTERNATIONAL, CA US","2021-04-16","0.00","0.0","0.0","65","79","50"
"USW00093193","FRESNO YOSEMITE INTERNATIONAL, CA US","2021-04-17","0.00","0.0","0.0","67","81","53"
"USW00093193","FRESNO YOSEMITE INTERNATIONAL, CA US","2021-04-18","0.00","0.0","0.0","71","87","55"
"USW00093193","FRESNO YOSEMITE INTERNATIONAL, CA US","2021-04-19","0.00","0.0","0.0","73","89","57"
"USW00093193","FRESNO YOSEMITE INTERNATIONAL, CA US","2021-04-20","0.00","0.0","0.0","72","84","53"
"USW00093193","FRESNO YOSEMITE INTERNATIONAL, CA US","2021-04-21","0.00","0.0","0.0","62","77","52"
"USW00093193","FRESNO YOSEMITE INTERNATIONAL, CA US","2021-04-22","0.00","0.0","0.0","66","81","53"
"USW00093193","FRESNO YOSEMITE INTERNATIONAL, CA US","2021-04-23","0.00","0.0","0.0","64","80","50"
"USW00093193","FRESNO YOSEMITE INTERNATIONAL, CA US","2021-04-24","0.00","0.0","0.0","65","76","53"
"USW00093193","FRESNO YOSEMITE INTERNATIONAL, CA US","2021-04-25","0.15","0.0","0.0","62","65","53"
"USW00093193","FRESNO YOSEMITE INTERNATIONAL, CA US","2021-04-26","0.00","0.0","0.0","56","68","50"
"USW00093193","FRESNO YOSEMITE INTERNATIONAL, CA US","2021-04-27","0.00","0.0","0.0","59","73","47"
"USW00093193","FRESNO YOSEMITE INTERNATIONAL, CA US","2021-04-28","0.00","0.0","0.0","66","83","53"
"USW00093193","FRESNO YOSEMITE INTERNATIONAL, CA US","2021-04-29","0.00","0.0","0.0","73","91","58"
"USW00093193","FRESNO YOSEMITE INTERNATIONAL, CA US","2021-04-30","0.00","0.0","0.0","78","95","61"
"USW00093193","FRESNO YOSEMITE INTERNATIONAL, CA US","2021-05-01","0.00","0.0","0.0","75","87","59"
"USW00093193","FRESNO YOSEMITE INTERNATIONAL, CA US","2021-05-02","0.00","0.0","0.0","68","84","52"
"USW00093193","FRESNO YOSEMITE INTERNATIONAL, CA US","2021-05-03","0.00","0.0","0.0","72","86","58"
"USW00093193","FRESNO YOSEMITE INTERNATIONAL, CA US","2021-05-04","0.00","0.0","0.0","76","92","62"
"USW00093193","FRESNO YOSEMITE INTERNATIONAL, CA US","2021-05-05","0.00","0.0","0.0","80","98","64"
"USW00093193","FRESNO YOSEMITE INTERNATIONAL, CA US","2021-05-06","0.00","0.0","0.0","80","91","66"
"USW00093193","FRESNO YOSEMITE INTERNATIONAL, CA US","2021-05-07","0.00","0.0","0.0","71","82","58"
"USW00093193","FRESNO YOSEMITE INTERNATIONAL, CA US","2021-05-08","0.00","0.0","0.0","70","85","57"
"USW00093193","FRESNO YOSEMITE INTERNATIONAL, CA US","2021-05-09","0.00","0.0","0.0","74","88","60"
"USW00093193","FRESNO YOSEMITE INTERNATIONAL, CA US","2021-05-10","0.00","0.0","0.0","75","90","60"
"USW00093193","FRESNO YOSEMITE INTERNATIONAL, CA US","2021-05-11","0.00","0.0","0.0","78","94","62"
"USW00093193","FRESNO YOSEMITE INTERNATIONAL, CA US","2021-05-12","0.00","0.0","0.0","80","98","63"
"USW00093193","FRESNO YOSEMITE INTERNATIONAL, CA US","2021-05-13","0.00","0.0","0.0","81","96","64"
"USW00093193","FRESNO YOSEMITE INTERNATIONAL, CA US","2021-05-14","0.00","0.0","0.0","78","94","62"
"USW00093193","FRESNO YOSEMITE INTERNATIONAL, CA US","2021-05-15","0.00","0.0","0.0","70","79","53"
"USW00093193","FRESNO YOSEMITE INTERNATIONAL, CA US","2021-05-16","0.00","0.0","0.0","66","81","56"
"USW00093193","FRESNO YOSEMITE INTERNATIONAL, CA US","2021-05-17","0.00","0.0","0.0","71","85","58"
"USW00093193","FRESNO YOSEMITE INTERNATIONAL, CA US","2021-05-18","0.00","0.0","0.0","72","88","58"
"USW00093193","FRESNO YOSEMITE INTERNATIONAL, CA US","2021-05-19","0.00","0.0","0.0","72","83","57"
"USW00093193","FRESNO YOSEMITE INTERNATIONAL, CA US","2021-05-20","0.00","0.0","0.0","63","72","50"
"USW00093193","FRESNO YOSEMITE INTERNATIONAL, CA US","2021-05-21","0.00","0.0","0.0","62","74","51"
"USW00093193","FRESNO YOSEMITE INTERNATIONAL, CA US","2021-05-22","0.00","0.0","0.0","63","77","52"
"USW00093193","FRESNO YOSEMITE INTERNATIONAL, CA US","2021-05-23","0.00","0.0","0.0","68","81","55"
"USW00093193","FRESNO YOSEMITE INTERNATIONAL, CA US","2021-05-24","0.00","0.0","0.0","72","89","57"
"USW00093193","FRESNO YOSEMITE INTERNATIONAL, CA US","2021-05-25","0.00","0.0","0.0","77","89","64"
"USW00093193","FRESNO YOSEMITE INTERNATIONAL, CA US","2021-05-26","0.00","0.0","0.0","74","90","59"
"USW00093193","FRESNO YOSEMITE INTERNATIONAL, CA US","2021-05-27","0.00","0.0","0.0","76","90","61"
"USW00093193","FRESNO YOSEMITE INTERNATIONAL, CA US","2021-05-28","0.00","0.0","0.0","75","90","60"
"USW00093193","FRESNO YOSEMITE INTERNATIONAL, CA US","2021-05-29","0.00","0.0","0.0","76","90","62"
"USW00093193","FRESNO YOSEMITE INTERNATIONAL, CA US","2021-05-30","0.00","0.0","0.0","76","93","60"
"USW00093193","FRESNO YOSEMITE INTERNATIONAL, CA US","2021-05-31","0.00","0.0","0.0","86","101","71"
"USW00093193","FRESNO YOSEMITE INTERNATIONAL, CA US","2021-06-01","0.00","0.0","0.0","89","104","75"
"USW00093193","FRESNO YOSEMITE INTERNATIONAL, CA US","2021-06-02","0.00","0.0","0.0","89","104","72"
"USW00093193","FRESNO YOSEMITE INTERNATIONAL, CA US","2021-06-03","0.00","0.0","0.0","87","102","70"
"USW00093193","FRESNO YOSEMITE INTERNATIONAL, CA US","2021-06-04","0.00","0.0","0.0","87","101","72"
"USW00093193","FRESNO YOSEMITE INTERNATIONAL, CA US","2021-06-05","0.00","0.0","0.0","84","99","68"
"USW00093193","FRESNO YOSEMITE INTERNATIONAL, CA US","2021-06-06","0.00","0.0","0.0","83","95","68"
"USW00093193","FRESNO YOSEMITE INTERNATIONAL, CA US","2021-06-07","0.00","0.0","0.0","75","84","61"
"USW00093193","FRESNO YOSEMITE INTERNATIONAL, CA US","2021-06-08","0.00","0.0","0.0","68","79","56"
"USW00093193","FRESNO YOSEMITE INTERNATIONAL, CA US","2021-06-09","0.00","0.0","0.0","67","77","55"
"USW00093193","FRESNO YOSEMITE INTERNATIONAL, CA US","2021-06-10","0.00","0.0","0.0","65","79","53"
"USW00093193","FRESNO YOSEMITE INTERNATIONAL, CA US","2021-06-11","0.00","0.0","0.0","69","84","56"
"USW00093193","FRESNO YOSEMITE INTERNATIONAL, CA US","2021-06-12","0.00","0.0","0.0","74","91","62"
"USW00093193","FRESNO YOSEMITE INTERNATIONAL, CA US","2021-06-13","0.00","0.0","0.0","81","96","69"
"USW00093193","FRESNO YOSEMITE INTERNATIONAL, CA US","2021-06-14","0.00","0.0","0.0","79","92","66"
"USW00093193","FRESNO YOSEMITE INTERNATIONAL, CA US","2021-06-15","0.00","0.0","0.0","78","92","65"
"USW00093193","FRESNO YOSEMITE INTERNATIONAL, CA US","2021-06-16","0.00","0.0","0.0","80","96","65"
"USW00093193","FRESNO YOSEMITE INTERNATIONAL, CA US","2021-06-17","0.00","0.0","0.0","86","105","71"
"USW00093193","FRESNO YOSEMITE INTERNATIONAL, CA US","2021-06-18","0.00","0.0","0.0","94","111","79"
"USW00093193","FRESNO YOSEMITE INTERNATIONAL, CA US","2021-06-19","0.00","0.0","0.0","95","111","78"
"USW00093193","FRESNO YOSEMITE INTERNATIONAL, CA US","2021-06-20","0.00","0.0","0.0","92","108","76"
"USW00093193","FRESNO YOSEMITE INTERNATIONAL, CA US","2021-06-21","0.00","0.0","0.0","89","104","71"
"USW00093193","FRESNO YOSEMITE INTERNATIONAL, CA US","2021-06-22","0.00","0.0","0.0","83","96","65"
"USW00093193","FRESNO YOSEMITE INTERNATIONAL, CA US","2021-06-23","0.00","0.0","0.0","80","96","65"
"USW00093193","FRESNO YOSEMITE INTERNATIONAL, CA US","2021-06-24","0.00","0.0","0.0","80","92","66"
"USW00093193","FRESNO YOSEMITE INTERNATIONAL, CA US","2021-06-25","0.00","0.0","0.0","79","95","65"
"USW00093193","FRESNO YOSEMITE INTERNATIONAL, CA US","2021-06-26","0.00","0.0","0.0","85","100","72"
"USW00093193","FRESNO YOSEMITE INTERNATIONAL, CA US","2021-06-27","0.00","0.0","0.0","92","107","79"
"USW00093193","FRESNO YOSEMITE INTERNATIONAL, CA US","2021-06-28","0.00","0.0","0.0","88","102","73"
"USW00093193","FRESNO YOSEMITE INTERNATIONAL, CA US","2021-06-29","0.00","0.0","0.0","87","104","73"
"USW00093193","FRESNO YOSEMITE INTERNATIONAL, CA US","2021-06-30","0.00","0.0","0.0","92","104","78"
"USW00093193","FRESNO YOSEMITE INTERNATIONAL, CA US","2021-07-01","0.00","0.0","0.0","87","100","73"
"USW00093193","FRESNO YOSEMITE INTERNATIONAL, CA US","2021-07-02","0.00","0.0","0.0","86","101","71"
"USW00093193","FRESNO YOSEMITE INTERNATIONAL, CA US","2021-07-03","0.00","0.0","0.0","87","100","73"
"USW00093193","FRESNO YOSEMITE INTERNATIONAL, CA US","2021-07-04","0.00","0.0","0.0","86","101","71"
"USW00093193","FRESNO YOSEMITE INTERNATIONAL, CA US","2021-07-05","0.00","0.0","0.0","84","100","68"
"USW00093193","FRESNO YOSEMITE INTERNATIONAL, CA US","2021-07-06","0.00","0.0","0.0","85","99","69"
"USW00093193","FRESNO YOSEMITE INTERNATIONAL, CA US","2021-07-07","0.00","0.0","0.0","84","100","69"
"USW00093193","FRESNO YOSEMITE INTERNATIONAL, CA US","2021-07-08","0.00","0.0","0.0","88","106","73"
"USW00093193","FRESNO YOSEMITE INTERNATIONAL, CA US","2021-07-09","0.00","0.0","0.0","94","111","81"
"USW00093193","FRESNO YOSEMITE INTERNATIONAL, CA US","2021-07-10","0.00","0.0","0.0","96","111","81"
"USW00093193","FRESNO YOSEMITE INTERNATIONAL, CA US","2021-07-11","0.00","0.0","0.0","105","114","83"
"USW00093193","FRESNO YOSEMITE INTERNATIONAL, CA US","2021-07-12","0.00","0.0","0.0","94","108","77"
"USW00093193","FRESNO YOSEMITE INTERNATIONAL, CA US","2021-07-13","0.00","0.0","0.0","90","105","74"
"USW00093193","FRESNO YOSEMITE INTERNATIONAL, CA US","2021-07-14","0.00","0.0","0.0","86","101","70"
"USW00093193","FRESNO YOSEMITE INTERNATIONAL, CA US","2021-07-15","0.00","0.0","0.0","87","100","71"
"USW00093193","FRESNO YOSEMITE INTERNATIONAL, CA US","2021-07-16","0.00","0.0","0.0","84","99","67"
"USW00093193","FRESNO YOSEMITE INTERNATIONAL, CA US","2021-07-17","0.00","0.0","0.0","86","102","70"
"USW00093193","FRESNO YOSEMITE INTERNATIONAL, CA US","2021-07-18","0.00","0.0","0.0","88","99","74"
"USW00093193","FRESNO YOSEMITE INTERNATIONAL, CA US","2021-07-19","0.00","0.0","0.0","90","106","79"
"USW00093193","FRESNO YOSEMITE INTERNATIONAL, CA US","2021-07-20","0.00","0.0","0.0","90","104","75"
"USW00093193","FRESNO YOSEMITE INTERNATIONAL, CA US","2021-07-21","0.00","0.0","0.0","86","102","70"
"USW00093193","FRESNO YOSEMITE INTERNATIONAL, CA US","2021-07-22","0.00","0.0","0.0","88","104","71"
"USW00093193","FRESNO YOSEMITE INTERNATIONAL, CA US","2021-07-23","0.00","0.0","0.0","87","103","72"
"USW00093193","FRESNO YOSEMITE INTERNATIONAL, CA US","2021-07-24","0.00","0.0","0.0","88","103","73"
"USW00093193","FRESNO YOSEMITE INTERNATIONAL, CA US","2021-07-25","0.00","0.0","0.0","89","103","76"
"USW00093193","FRESNO YOSEMITE INTERNATIONAL, CA US","2021-07-26","0.00","0.0","0.0","88","98","79"
"USW00093193","FRESNO YOSEMITE INTERNATIONAL, CA US","2021-07-27","0.00","0.0","0.0","88","104","77"
"USW00093193","FRESNO YOSEMITE INTERNATIONAL, CA US","2021-07-28","0.00","0.0","0.0","87","102","73"
"USW00093193","FRESNO YOSEMITE INTERNATIONAL, CA US","2021-07-29","0.00","0.0","0.0","90","106","77"
"USW00093193","FRESNO YOSEMITE INTERNATIONAL, CA US","2021-07-30","0.00","0.0","0.0","93","107","81"
"USW00093193","FRESNO YOSEMITE INTERNATIONAL, CA US","2021-07-31","0.00","0.0","0.0","91","103","78"
"USW00093193","FRESNO YOSEMITE INTERNATIONAL, CA US","2021-08-01","0.00","0.0","0.0","88","107","73"
"USW00093193","FRESNO YOSEMITE INTERNATIONAL, CA US","2021-08-02","0.00","0.0","0.0","87","102","68"
"USW00093193","FRESNO YOSEMITE INTERNATIONAL, CA US","2021-08-03","0.00","0.0","0.0","86","104","70"
"USW00093193","FRESNO YOSEMITE INTERNATIONAL, CA US","2021-08-04","0.00","0.0","0.0","89","107","74"
"USW00093193","FRESNO YOSEMITE INTERNATIONAL, CA US","2021-08-05","0.00","0.0","0.0","85","100","68"
"USW00093193","FRESNO YOSEMITE INTERNATIONAL, CA US","2021-08-06","0.00","0.0","0.0","82","97","64"
"USW00093193","FRESNO YOSEMITE INTERNATIONAL, CA US","2021-08-07","0.00","0.0","0.0","84","100","70"
"USW00093193","FRESNO YOSEMITE INTERNATIONAL, CA US","2021-08-08","0.00","0.0","0.0","85","102","71"
"USW00093193","FRESNO YOSEMITE INTERNATIONAL, CA US","2021-08-09","0.00","0.0","0.0","86","102","71"
"USW00093193","FRESNO YOSEMITE INTERNATIONAL, CA US","2021-08-10","0.00","0.0","0.0","88","105","72"
"USW00093193","FRESNO YOSEMITE INTERNATIONAL, CA US","2021-08-11","0.00","0.0","0.0","91","106","76"
"USW00093193","FRESNO YOSEMITE INTERNATIONAL, CA US","2021-08-12","0.00","0.0","0.0","91","105","78"
"USW00093193","FRESNO YOSEMITE INTERNATIONAL, CA US","2021-08-13","0.00","0.0","0.0","89","104","75"
"USW00093193","FRESNO YOSEMITE INTERNATIONAL, CA US","2021-08-14","0.00","0.0","0.0","88","102","74"
"USW00093193","FRESNO YOSEMITE INTERNATIONAL, CA US","2021-08-15","0.00","0.0","0.0","91","103","79"
"USW00093193","FRESNO YOSEMITE INTERNATIONAL, CA US","2021-08-16","0.00","0.0","0.0","92","103","81"
"USW00093193","FRESNO YOSEMITE INTERNATIONAL, CA US","2021-08-17","0.00","0.0","0.0","89","103","74"
"USW00093193","FRESNO YOSEMITE INTERNATIONAL, CA US","2021-08-18","0.00","0.0","0.0","80","90","64"
"USW00093193","FRESNO YOSEMITE INTERNATIONAL, CA US","2021-08-19","0.00","0.0","0.0","76","85","66"
"USW00093193","FRESNO YOSEMITE INTERNATIONAL, CA US","2021-08-20","0.00","0.0","0.0","78","91","67"
"USW00093193","FRESNO YOSEMITE INTERNATIONAL, CA US","2021-08-21","0.00","0.0","0.0","79","93","66"
"USW00093193","FRESNO YOSEMITE INTERNATIONAL, CA US","2021-08-22","0.00","0.0","0.0","74","91","62"
"USW00093193","FRESNO YOSEMITE INTERNATIONAL, CA US","2021-08-23","0.00","0.0","0.0","79","94","65"
"USW00093193","FRESNO YOSEMITE INTERNATIONAL, CA US","2021-08-24","0.00","0.0","0.0","80","96","65"
"USW00093193","FRESNO YOSEMITE INTERNATIONAL, CA US","2021-08-25","0.00","0.0","0.0","80","96","65"
"USW00093193","FRESNO YOSEMITE INTERNATIONAL, CA US","2021-08-26","0.00","0.0","0.0","82","98","65"
"USW00093193","FRESNO YOSEMITE INTERNATIONAL, CA US","2021-08-27","0.00","0.0","0.0","82","99","67"
"USW00093193","FRESNO YOSEMITE INTERNATIONAL, CA US","2021-08-28","0.00","0.0","0.0","85","104","70"
"USW00093193","FRESNO YOSEMITE INTERNATIONAL, CA US","2021-08-29","0.00","0.0","0.0","88","106","71"
"USW00093193","FRESNO YOSEMITE INTERNATIONAL, CA US","2021-08-30","0.00","0.0","0.0","89","107","73"
"USW00093193","FRESNO YOSEMITE INTERNATIONAL, CA US","2021-08-31","0.00","0.0","0.0","89","103","71"
"USW00093193","FRESNO YOSEMITE INTERNATIONAL, CA US","2021-09-01","0.00","0.0","0.0","80","94","65"
"USW00093193","FRESNO YOSEMITE INTERNATIONAL, CA US","2021-09-02","0.00","0.0","0.0","75","91","59"
"USW00093193","FRESNO YOSEMITE INTERNATIONAL, CA US","2021-09-03","0.00","0.0","0.0","76","94","60"
"USW00093193","FRESNO YOSEMITE INTERNATIONAL, CA US","2021-09-04","0.00","0.0","0.0","80","97","64"
"USW00093193","FRESNO YOSEMITE INTERNATIONAL, CA US","2021-09-05","0.00","0.0","0.0","83","101","65"
"USW00093193","FRESNO YOSEMITE INTERNATIONAL, CA US","2021-09-06","0.00","0.0","0.0","86","104","70"
"USW00093193","FRESNO YOSEMITE INTERNATIONAL, CA US","2021-09-07","0.00","0.0","0.0","89","106","72"
"USW00093193","FRESNO YOSEMITE INTERNATIONAL, CA US","2021-09-08","0.00","0.0","0.0","88","104","70"
"USW00093193","FRESNO YOSEMITE INTERNATIONAL, CA US","2021-09-09","0.00","0.0","0.0","90","107","76"
"USW00093193","FRESNO YOSEMITE INTERNATIONAL, CA US","2021-09-10","0.00","0.0","0.0","89","98","76"
"USW00093193","FRESNO YOSEMITE INTERNATIONAL, CA US","2021-09-11","0.00","0.0","0.0","83","97","70"
"USW00093193","FRESNO YOSEMITE INTERNATIONAL, CA US","2021-09-12","0.00","0.0","0.0","83","99","69"
"USW00093193","FRESNO YOSEMITE INTERNATIONAL, CA US","2021-09-13","0.00","0.0","0.0","84","99","68"
"USW00093193","FRESNO YOSEMITE INTERNATIONAL, CA US","2021-09-14","0.00","0.0","0.0","84","100","68"
"USW00093193","FRESNO YOSEMITE INTERNATIONAL, CA US","2021-09-15","0.00","0.0","0.0","83","97","68"
"USW00093193","FRESNO YOSEMITE INTERNATIONAL, CA US","2021-09-16","0.00","0.0","0.0","79","94","64"
"USW00093193","FRESNO YOSEMITE INTERNATIONAL, CA US","2021-09-17","0.00","0.0","0.0","76","91","61"
"USW00093193","FRESNO YOSEMITE INTERNATIONAL, CA US","2021-09-18","0.00","0.0","0.0","75","87","61"
"USW00093193","FRESNO YOSEMITE INTERNATIONAL, CA US","2021-09-19","0.00","0.0","0.0","73","85","60"
"USW00093193","FRESNO YOSEMITE INTERNATIONAL, CA US","2021-09-20","0.00","0.0","0.0","71","88","60"
"USW00093193","FRESNO YOSEMITE INTERNATIONAL, CA US","2021-09-21","0.00","0.0","0.0","77","94","65"
"USW00093193","FRESNO YOSEMITE INTERNATIONAL, CA US","2021-09-22","0.00","0.0","0.0","80","100","64"
"USW00093193","FRESNO YOSEMITE INTERNATIONAL, CA US","2021-09-23","0.00","0.0","0.0","81","92","67"
"USW00093193","FRESNO YOSEMITE INTERNATIONAL, CA US","2021-09-24","0.00","0.0","0.0","80","92","68"
"USW00093193","FRESNO YOSEMITE INTERNATIONAL, CA US","2021-09-25","0.00","0.0","0.0","80","91","69"
"USW00093193","FRESNO YOSEMITE INTERNATIONAL, CA US","2021-09-26","0.00","0.0","0.0","76","87","63"
"USW00093193","FRESNO YOSEMITE INTERNATIONAL, CA US","2021-09-27","0.00","0.0","0.0","72","87","59"
"USW00093193","FRESNO YOSEMITE INTERNATIONAL, CA US","2021-09-28","0.00","0.0","0.0","70","78","60"
"USW00093193","FRESNO YOSEMITE INTERNATIONAL, CA US","2021-09-29","0.00","0.0","0.0","67","81","56"
"USW00093193","FRESNO YOSEMITE INTERNATIONAL, CA US","2021-09-30","0.00","0.0","0.0","71","87","57"
"USW00093193","FRESNO YOSEMITE INTERNATIONAL, CA US","2021-10-01","0.00","0.0","0.0","74","92","59"
"USW00093193","FRESNO YOSEMITE INTERNATIONAL, CA US","2021-10-02","0.00","0.0","0.0","74","93","60"
"USW00093193","FRESNO YOSEMITE INTERNATIONAL, CA US","2021-10-03","0.00","0.0","0.0","74","87","61"
"USW00093193","FRESNO YOSEMITE INTERNATIONAL, CA US","2021-10-04","0.00","0.0","0.0","72","90","59"
"USW00093193","FRESNO YOSEMITE INTERNATIONAL, CA US","2021-10-05","0.00","0.0","0.0","75","87","61"
"USW00093193","FRESNO YOSEMITE INTERNATIONAL, CA US","2021-10-06","0.00","0.0","0.0","72","85","60"
"USW00093193","FRESNO YOSEMITE INTERNATIONAL, CA US","2021-10-07","0.00","0.0","0.0","69","81","59"
"USW00093193","FRESNO YOSEMITE INTERNATIONAL, CA US","2021-10-08","0.40","0.0","0.0","64","67","52"
"USW00093193","FRESNO YOSEMITE INTERNATIONAL, CA US","2021-10-09","0.00","0.0","0.0","59","72","49"
"USW00093193","FRESNO YOSEMITE INTERNATIONAL, CA US","2021-10-10","0.00","0.0","0.0","63","76","51"
"USW00093193","FRESNO YOSEMITE INTERNATIONAL, CA US","2021-10-11","0.00","0.0","0.0","63","70","53"
"USW00093193","FRESNO YOSEMITE INTERNATIONAL, CA US","2021-10-12","0.00","0.0","0.0","58","68","46"
"USW00093193","FRESNO YOSEMITE INTERNATIONAL, CA US","2021-10-13","0.00","0.0","0.0","58","73","46"
"USW00093193","FRESNO YOSEMITE INTERNATIONAL, CA US","2021-10-14","0.00","0.0","0.0","60","75","47"
"USW00093193","FRESNO YOSEMITE INTERNATIONAL, CA US","2021-10-15","0.00","0.0","0.0","64","82","50"
"USW00093193","FRESNO YOSEMITE INTERNATIONAL, CA US","2021-10-16","0.00","0.0","0.0","67","84","52"
"USW00093193","FRESNO YOSEMITE INTERNATIONAL, CA US","2021-10-17","0.00","0.0","0.0","68","83","53"
"USW00093193","FRESNO YOSEMITE INTERNATIONAL, CA US","2021-10-18","0.01","0.0","0.0","61","65","50"
"USW00093193","FRESNO YOSEMITE INTERNATIONAL, CA US","2021-10-19","0.00","0.0","0.0","57","70","45"
"USW00093193","FRESNO YOSEMITE INTERNATIONAL, CA US","2021-10-20","0.00","0.0","0.0","63","76","54"
"USW00093193","FRESNO YOSEMITE INTERNATIONAL, CA US","2021-10-21","0.00","0.0","0.0","69","82","59"
"USW00093193","FRESNO YOSEMITE INTERNATIONAL, CA US","2021-10-22","0.00","0.0","0.0","67","72","55"
"USW00093193","FRESNO YOSEMITE INTERNATIONAL, CA US","2021-10-23","0.00","0.0","0.0","62","71","57"
"USW00093193","FRESNO YOSEMITE INTERNATIONAL, CA US","2021-10-24","0.00","0.0","0.0","64","71","59"
"USW00093193","FRESNO YOSEMITE INTERNATIONAL, CA US","2021-10-25","0.86","0.0","0.0","63","68","50"
"USW00093193","FRESNO YOSEMITE INTERNATIONAL, CA US","2021-10-26","0.00","0.0","0.0","54","67","47"
"USW00093193","FRESNO YOSEMITE INTERNATIONAL, CA US","2021-10-27","0.00","0.0","0.0","58","70","50"
"USW00093193","FRESNO YOSEMITE INTERNATIONAL, CA US","2021-10-28","0.00","0.0","0.0","63","76","54"
"USW00093193","FRESNO YOSEMITE INTERNATIONAL, CA US","2021-10-29","0.00","0.0","0.0","65","78","55"
"USW00093193","FRESNO YOSEMITE INTERNATIONAL, CA US","2021-10-30","0.00","0.0","0.0","66","75","57"
"USW00093193","FRESNO YOSEMITE INTERNATIONAL, CA US","2021-10-31","0.00","0.0","0.0","62","68","54"
"USW00093193","FRESNO YOSEMITE INTERNATIONAL, CA US","2021-11-01","0.00","0.0","0.0","62","70","57"
"USW00093193","FRESNO YOSEMITE INTERNATIONAL, CA US","2021-11-02","0.00","0.0","0.0","65","75","56"
"USW00093193","FRESNO YOSEMITE INTERNATIONAL, CA US","2021-11-03","0.00","0.0","0.0","64","75","54"
"USW00093193","FRESNO YOSEMITE INTERNATIONAL, CA US","2021-11-04","0.00","0.0","0.0","64","73","56"
"USW00093193","FRESNO YOSEMITE INTERNATIONAL, CA US","2021-11-05","0.00","0.0","0.0","61","73","51"
"USW00093193","FRESNO YOSEMITE INTERNATIONAL, CA US","2021-11-06","0.00","0.0","0.0","61","71","50"
"USW00093193","FRESNO YOSEMITE INTERNATIONAL, CA US","2021-11-07","0.00","0.0","0.0","58","67","48"
"USW00093193","FRESNO YOSEMITE INTERNATIONAL, CA US","2021-11-08","0.04","0.0","0.0","54","65","43"
"USW00093193","FRESNO YOSEMITE INTERNATIONAL, CA US","2021-11-09","0.26","0.0","0.0","60","65","54"
"USW00093193","FRESNO YOSEMITE INTERNATIONAL, CA US","2021-11-10","0.00","0.0","0.0","55","62","49"
"USW00093193","FRESNO YOSEMITE INTERNATIONAL, CA US","2021-11-11","0.00","0.0","0.0","56","63","49"
"USW00093193","FRESNO YOSEMITE INTERNATIONAL, CA US","2021-11-12","0.00","0.0","0.0","56","69","48"
"USW00093193","FRESNO YOSEMITE INTERNATIONAL, CA US","2021-11-13","0.00","0.0","0.0","57","64","49"
"USW00093193","FRESNO YOSEMITE INTERNATIONAL, CA US","2021-11-14","0.00","0.0","0.0","56","66","53"
"USW00093193","FRESNO YOSEMITE INTERNATIONAL, CA US","2021-11-15","0.00","0.0","0.0","57","64","54"
"USW00093193","FRESNO YOSEMITE INTERNATIONAL, CA US","2021-11-16","0.00","0.0","0.0","56","59","53"
"USW00093193","FRESNO YOSEMITE INTERNATIONAL, CA US","2021-11-17","0.00","0.0","0.0","58","64","50"
"USW00093193","FRESNO YOSEMITE INTERNATIONAL, CA US","2021-11-18","0.00","0.0","0.0","54","66","46"
"USW00093193","FRESNO YOSEMITE INTERNATIONAL, CA US","2021-11-19","0.00","0.0","0.0","56","64","52"
"USW00093193","FRESNO YOSEMITE INTERNATIONAL, CA US","2021-11-20","0.00","0.0","0.0","56","60","48"
"USW00093193","FRESNO YOSEMITE INTERNATIONAL, CA US","2021-11-21","0.00","0.0","0.0","53","67","44"
"USW00093193","FRESNO YOSEMITE INTERNATIONAL, CA US","2021-11-22","0.00","0.0","0.0","51","61","43"
"USW00093193","FRESNO YOSEMITE INTERNATIONAL, CA US","2021-11-23","0.00","0.0","0.0","49","61","41"
"USW00093193","FRESNO YOSEMITE INTERNATIONAL, CA US","2021-11-24","0.00","0.0","0.0","51","62","45"
"USW00093193","FRESNO YOSEMITE INTERNATIONAL, CA US","2021-11-25","0.00","0.0","0.0","50","66","39"
"USW00093193","FRESNO YOSEMITE INTERNATIONAL, CA US","2021-11-26","0.00","0.0","0.0","50","64","39"
"USW00093193","FRESNO YOSEMITE INTERNATIONAL, CA US","2021-11-27","0.00","0.0","0.0","52","67","41"
"USW00093193","FRESNO YOSEMITE INTERNATIONAL, CA US","2021-11-28","0.00","0.0","0.0","53","70","41"
"USW00093193","FRESNO YOSEMITE INTERNATIONAL, CA US","2021-11-29","0.00","0.0","0.0","54","70","42"
"USW00093193","FRESNO YOSEMITE INTERNATIONAL, CA US","2021-11-30","0.00","0.0","0.0","55","71","44"
"USW00093193","FRESNO YOSEMITE INTERNATIONAL, CA US","2021-12-01","0.00","0.0","0.0","56","73","45"
"USW00093193","FRESNO YOSEMITE INTERNATIONAL, CA US","2021-12-02","0.00","0.0","0.0","56","73","44"
"USW00093193","FRESNO YOSEMITE INTERNATIONAL, CA US","2021-12-03","0.00","0.0","0.0","56","70","45"
"USW00093193","FRESNO YOSEMITE INTERNATIONAL, CA US","2021-12-04","0.00","0.0","0.0","50","54","41"
"USW00093193","FRESNO YOSEMITE INTERNATIONAL, CA US","2021-12-05","0.00","0.0","0.0","49","50","46"
"USW00093193","FRESNO YOSEMITE INTERNATIONAL, CA US","2021-12-06","0.00","0.0","0.0","47","48","45"
"USW00093193","FRESNO YOSEMITE INTERNATIONAL, CA US","2021-12-07","0.00","0.0","0.0","48","54","42"
"USW00093193","FRESNO YOSEMITE INTERNATIONAL, CA US","2021-12-08","0.00","0.0","0.0","47","62","40"
"USW00093193","FRESNO YOSEMITE INTERNATIONAL, CA US","2021-12-09","0.41","0.0","0.0","53","54","44"
"USW00093193","FRESNO YOSEMITE INTERNATIONAL, CA US","2021-12-10","0.00","0.0","0.0","48","56","41"
"USW00093193","FRESNO YOSEMITE INTERNATIONAL, CA US","2021-12-11","0.00","0.0","0.0","47","57","37"
"USW00093193","FRESNO YOSEMITE INTERNATIONAL, CA US","2021-12-12","0.00","0.0","0.0","47","58","37"
"USW00093193","FRESNO YOSEMITE INTERNATIONAL, CA US","2021-12-13","0.26","0.0","0.0","54","56","50"
"USW00093193","FRESNO YOSEMITE INTERNATIONAL, CA US","2021-12-14","1.03","0.0","0.0","49","53","39"
"USW00093193","FRESNO YOSEMITE INTERNATIONAL, CA US","2021-12-15","0.00","0.0","0.0","42","51","37"
"USW00093193","FRESNO YOSEMITE INTERNATIONAL, CA US","2021-12-16","0.07","0.0","0.0","48","54","45"
"USW00093193","FRESNO YOSEMITE INTERNATIONAL, CA US","2021-12-17","0.00","0.0","0.0","46","50","43"
"USW00093193","FRESNO YOSEMITE INTERNATIONAL, CA US","2021-12-18","0.00","0.0","0.0","47","50","38"
"USW00093193","FRESNO YOSEMITE INTERNATIONAL, CA US","2021-12-19","0.00","0.0","0.0","42","58","33"
"USW00093193","FRESNO YOSEMITE INTERNATIONAL, CA US","2021-12-20","0.00","0.0","0.0","42","42","39"
"USW00093193","FRESNO YOSEMITE INTERNATIONAL, CA US","2021-12-21","0.00","0.0","0.0","41","48","38"
"USW00093193","FRESNO YOSEMITE INTERNATIONAL, CA US","2021-12-22","0.40","0.0","0.0","43","53","39"
"USW00093193","FRESNO YOSEMITE INTERNATIONAL, CA US","2021-12-23","0.75","0.0","0.0","53","58","50"
"USW00093193","FRESNO YOSEMITE INTERNATIONAL, CA US","2021-12-24","0.05","0.0","0.0","55","62","45"
"USW00093193","FRESNO YOSEMITE INTERNATIONAL, CA US","2021-12-25","0.16","0.0","0.0","49","56","40"
"USW00093193","FRESNO YOSEMITE INTERNATIONAL, CA US","2021-12-26","0.00","0.0","0.0","48","54","40"
"USW00093193","FRESNO YOSEMITE INTERNATIONAL, CA US","2021-12-27","0.29","0.0","0.0","47","49","42"
"USW00093193","FRESNO YOSEMITE INTERNATIONAL, CA US","2021-12-28","0.01","0.0","0.0","44","47","39"
"USW00093193","FRESNO YOSEMITE INTERNATIONAL, CA US","2021-12-29","0.21","0.0","0.0","44","52","38"
"USW00093193","FRESNO YOSEMITE INTERNATIONAL, CA US","2021-12-30","0.00","0.0","0.0","46","52","40"
"USW00093193","FRESNO YOSEMITE INTERNATIONAL, CA US","2021-12-31","0.00","0.0","0.0","44","50","38"
"USW00093193","FRESNO YOSEMITE INTERNATIONAL, CA US","2022-01-01","0.00","0.0","0.0","42","53","33"
"USW00093193","FRESNO YOSEMITE INTERNATIONAL, CA US","2022-01-02","0.00","0.0","0.0","43","57","33"
"USW00093193","FRESNO YOSEMITE INTERNATIONAL, CA US","2022-01-03","0.00","0.0","0.0","44","57","33"
"USW00093193","FRESNO YOSEMITE INTERNATIONAL, CA US","2022-01-04","0.00","0.0","0.0","46","59","38"
"USW00093193","FRESNO YOSEMITE INTERNATIONAL, CA US","2022-01-05","0.00","0.0","0.0","50","58","43"
"USW00093193","FRESNO YOSEMITE INTERNATIONAL, CA US","2022-01-06","0.00","0.0","0.0","52","63","44"
"USW00093193","FRESNO YOSEMITE INTERNATIONAL, CA US","2022-01-07","0.00","0.0","0.0","50","58","41"
"USW00093193","FRESNO YOSEMITE INTERNATIONAL, CA US","2022-01-08","0.00","0.0","0.0","51","53","43"
"USW00093193","FRESNO YOSEMITE INTERNATIONAL, CA US","2022-01-09","0.00","0.0","0.0","46","63","36"
"USW00093193","FRESNO YOSEMITE INTERNATIONAL, CA US","2022-01-10","0.00","0.0","0.0","48","59","40"
"USW00093193","FRESNO YOSEMITE INTERNATIONAL, CA US","2022-01-11","0.00","0.0","0.0","46","61","35"
"USW00093193","FRESNO YOSEMITE INTERNATIONAL, CA US","2022-01-12","0.00","0.0","0.0","47","63","36"
"USW00093193","FRESNO YOSEMITE INTERNATIONAL, CA US","2022-01-13","0.00","0.0","0.0","53","66","44"
"USW00093193","FRESNO YOSEMITE INTERNATIONAL, CA US","2022-01-14","0.00","0.0","0.0","48","56","39"
"USW00093193","FRESNO YOSEMITE INTERNATIONAL, CA US","2022-01-15","0.00","0.0","0.0","45","53","40"
"USW00093193","FRESNO YOSEMITE INTERNATIONAL, CA US","2022-01-16","0.00","0.0","0.0","49","62","44"
"USW00093193","FRESNO YOSEMITE INTERNATIONAL, CA US","2022-01-17","0.00","0.0","0.0","52","64","41"
"USW00093193","FRESNO YOSEMITE INTERNATIONAL, CA US","2022-01-18","0.00","0.0","0.0","55","63","48"
"USW00093193","FRESNO YOSEMITE INTERNATIONAL, CA US","2022-01-19","0.00","0.0","0.0","51","63","43"
"USW00093193","FRESNO YOSEMITE INTERNATIONAL, CA US","2022-01-20","0.00","0.0","0.0","51","65","40"
"USW00093193","FRESNO YOSEMITE INTERNATIONAL, CA US","2022-01-21","0.00","0.0","0.0","49","52","41"
"USW00093193","FRESNO YOSEMITE INTERNATIONAL, CA US","2022-01-22","0.00","0.0","0.0","47","63","40"
"USW00093193","FRESNO YOSEMITE INTERNATIONAL, CA US","2022-01-23","0.00","0.0","0.0","49","64","37"
"USW00093193","FRESNO YOSEMITE INTERNATIONAL, CA US","2022-01-24","0.00","0.0","0.0","49","64","37"
"USW00093193","FRESNO YOSEMITE INTERNATIONAL, CA US","2022-01-25","0.00","0.0","0.0","49","62","37"
"USW00093193","FRESNO YOSEMITE INTERNATIONAL, CA US","2022-01-26","0.00","0.0","0.0","51","67","39"
"USW00093193","FRESNO YOSEMITE INTERNATIONAL, CA US","2022-01-27","0.00","0.0","0.0","51","66","38"
"USW00093193","FRESNO YOSEMITE INTERNATIONAL, CA US","2022-01-28","0.00","0.0","0.0","51","66","39"
"USW00093193","FRESNO YOSEMITE INTERNATIONAL, CA US","2022-01-29","0.00","0.0","0.0","49","62","38"
"USW00093193","FRESNO YOSEMITE INTERNATIONAL, CA US","2022-01-30","0.00","0.0","0.0","49","67","35"
"USW00093193","FRESNO YOSEMITE INTERNATIONAL, CA US","2022-01-31","0.00","0.0","0.0","49","63","38"
"USW00093193","FRESNO YOSEMITE INTERNATIONAL, CA US","2022-02-01","0.00","0.0","0.0","47","55","38"
"USW00093193","FRESNO YOSEMITE INTERNATIONAL, CA US","2022-02-02","0.00","0.0","0.0","45","58","36"
"USW00093193","FRESNO YOSEMITE INTERNATIONAL, CA US","2022-02-03","0.00","0.0","0.0","47","60","36"
"USW00093193","FRESNO YOSEMITE INTERNATIONAL, CA US","2022-02-04","0.00","0.0","0.0","49","68","36"
"USW00093193","FRESNO YOSEMITE INTERNATIONAL, CA US","2022-02-05","0.00","0.0","0.0","51","64","38"
"USW00093193","FRESNO YOSEMITE INTERNATIONAL, CA US","2022-02-06","0.00","0.0","0.0","50","67","36"
"USW00093193","FRESNO YOSEMITE INTERNATIONAL, CA US","2022-02-07","0.00","0.0","0.0","53","72","39"
"USW00093193","FRESNO YOSEMITE INTERNATIONAL, CA US","2022-02-08","0.00","0.0","0.0","54","72","40"
"USW00093193","FRESNO YOSEMITE INTERNATIONAL, CA US","2022-02-09","0.00","0.0","0.0","56","70","42"
"USW00093193","FRESNO YOSEMITE INTERNATIONAL, CA US","2022-02-10","0.00","0.0","0.0","57","76","42"
"USW00093193","FRESNO YOSEMITE INTERNATIONAL, CA US","2022-02-11","0.00","0.0","0.0","59","77","45"
"USW00093193","FRESNO YOSEMITE INTERNATIONAL, CA US","2022-02-12","0.00","0.0","0.0","61","82","45"
"USW00093193","FRESNO YOSEMITE INTERNATIONAL, CA US","2022-02-13","0.00","0.0","0.0","62","81","46"
"USW00093193","FRESNO YOSEMITE INTERNATIONAL, CA US","2022-02-14","0.00","0.0","0.0","62","77","46"
"USW00093193","FRESNO YOSEMITE INTERNATIONAL, CA US","2022-02-15","0.00","0.0","0.0","56","59","45"
"USW00093193","FRESNO YOSEMITE INTERNATIONAL, CA US","2022-02-16","0.00","0.0","0.0","50","77","38"
"USW00093193","FRESNO YOSEMITE INTERNATIONAL, CA US","2022-02-17","0.00","0.0","0.0","53","69","41"
"USW00093193","FRESNO YOSEMITE INTERNATIONAL, CA US","2022-02-18","0.00","0.0","0.0","55","70","40"
"USW00093193","FRESNO YOSEMITE INTERNATIONAL, CA US","2022-02-19","0.00","0.0","0.0","55","73","41"
"USW00093193","FRESNO YOSEMITE INTERNATIONAL, CA US","2022-02-20","0.00","0.0","0.0","57","71","44"
"USW00093193","FRESNO YOSEMITE INTERNATIONAL, CA US","2022-02-21","0.00","0.0","0.0","54","58","43"
"USW00093193","FRESNO YOSEMITE INTERNATIONAL, CA US","2022-02-22","0.04","0.0","0.0","50","55","40"
"USW00093193","FRESNO YOSEMITE INTERNATIONAL, CA US","2022-02-23","0.00","0.0","0.0","43","53","37"
"USW00093193","FRESNO YOSEMITE INTERNATIONAL, CA US","2022-02-24","0.00","0.0","0.0","44","57","33"
"USW00093193","FRESNO YOSEMITE INTERNATIONAL, CA US","2022-02-25","0.00","0.0","0.0","47","61","34"
"USW00093193","FRESNO YOSEMITE INTERNATIONAL, CA US","2022-02-26","0.00","0.0","0.0","49","65","36"
"USW00093193","FRESNO YOSEMITE INTERNATIONAL, CA US","2022-02-27","0.00","0.0","0.0","54","69","43"
"USW00093193","FRESNO YOSEMITE INTERNATIONAL, CA US","2022-02-28","0.00","0.0","0.0","56","73","43"
"USW00093193","FRESNO YOSEMITE INTERNATIONAL, CA US","2022-03-01","0.00","0.0","0.0","60","76","45"
"USW00093193","FRESNO YOSEMITE INTERNATIONAL, CA US","2022-03-02","0.00","0.0","0.0","62","79","47"
"USW00093193","FRESNO YOSEMITE INTERNATIONAL, CA US","2022-03-03","0.00","0.0","0.0","62","72","49"
"USW00093193","FRESNO YOSEMITE INTERNATIONAL, CA US","2022-03-04","0.11","0.0","0.0","58","57","45"
"USW00093193","FRESNO YOSEMITE INTERNATIONAL, CA US","2022-03-05","0.07","0.0","0.0","47","55","41"
"USW00093193","FRESNO YOSEMITE INTERNATIONAL, CA US","2022-03-06","0.00","0.0","0.0","47","60","37"
"USW00093193","FRESNO YOSEMITE INTERNATIONAL, CA US","2022-03-07","0.00","0.0","0.0","53","64","42"
"USW00093193","FRESNO YOSEMITE INTERNATIONAL, CA US","2022-03-08","0.00","0.0","0.0","55","69","42"
"USW00093193","FRESNO YOSEMITE INTERNATIONAL, CA US","2022-03-09","0.00","0.0","0.0","57","72","44"
"USW00093193","FRESNO YOSEMITE INTERNATIONAL, CA US","2022-03-10","0.00","0.0","0.0","58","70","47"
"USW00093193","FRESNO YOSEMITE INTERNATIONAL, CA US","2022-03-11","0.00","0.0","0.0","57","72","44"
"USW00093193","FRESNO YOSEMITE INTERNATIONAL, CA US","2022-03-12","0.00","0.0","0.0","60","78","44"
"USW00093193","FRESNO YOSEMITE INTERNATIONAL, CA US","2022-03-13","0.00","0.0","0.0","61","72","48"
"USW00093193","FRESNO YOSEMITE INTERNATIONAL, CA US","2022-03-14","0.00","0.0","0.0","58","75","44"
"USW00093193","FRESNO YOSEMITE INTERNATIONAL, CA US","2022-03-15","0.00","0.0","0.0","61","71","48"
"USW00093193","FRESNO YOSEMITE INTERNATIONAL, CA US","2022-03-16","0.00","0.0","0.0","61","75","50"
"USW00093193","FRESNO YOSEMITE INTERNATIONAL, CA US","2022-03-17","0.00","0.0","0.0","61","74","49"
"USW00093193","FRESNO YOSEMITE INTERNATIONAL, CA US","2022-03-18","0.00","0.0","0.0","61","77","46"
"USW00093193","FRESNO YOSEMITE INTERNATIONAL, CA US","2022-03-19","0.02","0.0","0.0","63","67","50"
"USW00093193","FRESNO YOSEMITE INTERNATIONAL, CA US","2022-03-20","0.00","0.0","0.0","53","65","49"
"USW00093193","FRESNO YOSEMITE INTERNATIONAL, CA US","2022-03-21","0.00","0.0","0.0","57","72","46"
"USW00093193","FRESNO YOSEMITE INTERNATIONAL, CA US","2022-03-22","0.00","0.0","0.0","64","82","51"
"USW00093193","FRESNO YOSEMITE INTERNATIONAL, CA US","2022-03-23","0.00","0.0","0.0","70","89","55"
"USW00093193","FRESNO YOSEMITE INTERNATIONAL, CA US","2022-03-24","0.00","0.0","0.0","73","90","57"
"USW00093193","FRESNO YOSEMITE INTERNATIONAL, CA US","2022-03-25","0.00","0.0","0.0","74","89","58"
"USW00093193","FRESNO YOSEMITE INTERNATIONAL, CA US","2022-03-26","0.00","0.0","0.0","72","86","57"
"USW00093193","FRESNO YOSEMITE INTERNATIONAL, CA US","2022-03-27","0.00","0.0","0.0","71","83","57"
"USW00093193","FRESNO YOSEMITE INTERNATIONAL, CA US","2022-03-28","0.54","0.0","0.0","61","64","50"
"USW00093193","FRESNO YOSEMITE INTERNATIONAL, CA US","2022-03-29","0.00","0.0","0.0","54","66","48"
"USW00093193","FRESNO YOSEMITE INTERNATIONAL, CA US","2022-03-30","0.00","0.0","0.0","62","71","53"
"USW00093193","FRESNO YOSEMITE INTERNATIONAL, CA US","2022-03-31","0.00","0.0","0.0","57","67","48"
"USW00093193","FRESNO YOSEMITE INTERNATIONAL, CA US","2022-04-01","0.00","0.0","0.0","62","78","52"
"USW00093193","FRESNO YOSEMITE INTERNATIONAL, CA US","2022-04-02","0.00","0.0","0.0","66","81","53"
"USW00093193","FRESNO YOSEMITE INTERNATIONAL, CA US","2022-04-03","0.00","0.0","0.0","68","83","57"
"USW00093193","FRESNO YOSEMITE INTERNATIONAL, CA US","2022-04-04","0.00","0.0","0.0","65","77","52"
"USW00093193","FRESNO YOSEMITE INTERNATIONAL, CA US","2022-04-05","0.00","0.0","0.0","66","76","55"
"USW00093193","FRESNO YOSEMITE INTERNATIONAL, CA US","2022-04-06","0.00","0.0","0.0","65","83","51"
"USW00093193","FRESNO YOSEMITE INTERNATIONAL, CA US","2022-04-07","0.00","0.0","0.0","73","94","58"
"USW00093193","FRESNO YOSEMITE INTERNATIONAL, CA US","2022-04-08","0.00","0.0","0.0","78","96","60"
"USW00093193","FRESNO YOSEMITE INTERNATIONAL, CA US","2022-04-09","0.00","0.0","0.0","74","80","58"
"USW00093193","FRESNO YOSEMITE INTERNATIONAL, CA US","2022-04-10","0.00","0.0","0.0","62","73","49"
"USW00093193","FRESNO YOSEMITE INTERNATIONAL, CA US","2022-04-11","0.00","0.0","0.0","58","62","47"
"USW00093193","FRESNO YOSEMITE INTERNATIONAL, CA US","2022-04-12","0.00","0.0","0.0","52","64","40"
"USW00093193","FRESNO YOSEMITE INTERNATIONAL, CA US","2022-04-13","0.00","0.0","0.0","53","67","42"
"USW00093193","FRESNO YOSEMITE INTERNATIONAL, CA US","2022-04-14","0.00","0.0","0.0","59","70","47"
"USW00093193","FRESNO YOSEMITE INTERNATIONAL, CA US","2022-04-15","0.00","0.0","0.0","61","76","51"
"USW00093193","FRESNO YOSEMITE INTERNATIONAL, CA US","2022-04-16","0.09","0.0","0.0","65","73","55"
"USW00093193","FRESNO YOSEMITE INTERNATIONAL, CA US","2022-04-17","0.00","0.0","0.0","62","78","49"
"USW00093193","FRESNO YOSEMITE INTERNATIONAL, CA US","2022-04-18","0.00","0.0","0.0","64","80","49"
"USW00093193","FRESNO YOSEMITE INTERNATIONAL, CA US","2022-04-19","0.00","0.0","0.0","66","74","54"
"USW00093193","FRESNO YOSEMITE INTERNATIONAL, CA US","2022-04-20","0.00","0.0","0.0","62","75","51"
"USW00093193","FRESNO YOSEMITE INTERNATIONAL, CA US","2022-04-21","0.16","0.0","0.0","61","67","51"
"USW00093193","FRESNO YOSEMITE INTERNATIONAL, CA US","2022-04-22","0.05","0.0","0.0","56","68","50"
"USW00093193","FRESNO YOSEMITE INTERNATIONAL, CA US","2022-04-23","0.00","0.0","0.0","59","74","47"
"USW00093193","FRESNO YOSEMITE INTERNATIONAL, CA US","2022-04-24","0.00","0.0","0.0","65","81","53"
"USW00093193","FRESNO YOSEMITE INTERNATIONAL, CA US","2022-04-25","0.00","0.0","0.0","70","87","66"
"USW00093193","FRESNO YOSEMITE INTERNATIONAL, CA US","2022-04-26","0.00","0.0","0.0","69","79","56"
"USW00093193","FRESNO YOSEMITE INTERNATIONAL, CA US","2022-04-27","0.00","0.0","0.0","65","80","50"
"USW00093193","FRESNO YOSEMITE INTERNATIONAL, CA US","2022-04-28","0.00","0.0","0.0","64","73","50"
"USW00093193","FRESNO YOSEMITE INTERNATIONAL, CA US","2022-04-29","0.00","0.0","0.0","61","78","48"
"USW00093193","FRESNO YOSEMITE INTERNATIONAL, CA US","2022-04-30","0.00","0.0","0.0","68","84","54"
"USW00093193","FRESNO YOSEMITE INTERNATIONAL, CA US","2022-05-01","0.00","0.0","0.0","66","80","50"
"USW00093193","FRESNO YOSEMITE INTERNATIONAL, CA US","2022-05-02","0.00","0.0","0.0","70","82","56"
"USW00093193","FRESNO YOSEMITE INTERNATIONAL, CA US","2022-05-03","0.00","0.0","0.0","64","79","51"
"USW00093193","FRESNO YOSEMITE INTERNATIONAL, CA US","2022-05-04","0.00","0.0","0.0","72","89","58"
"USW00093193","FRESNO YOSEMITE INTERNATIONAL, CA US","2022-05-05","0.00","0.0","0.0","77","91","62"
"USW00093193","FRESNO YOSEMITE INTERNATIONAL, CA US","2022-05-06","0.00","0.0","0.0","72","86","59"
"USW00093193","FRESNO YOSEMITE INTERNATIONAL, CA US","2022-05-07","0.00","0.0","0.0","70","78","58"
"USW00093193","FRESNO YOSEMITE INTERNATIONAL, CA US","2022-05-08","0.00","0.0","0.0","63","71","50"
"USW00093193","FRESNO YOSEMITE INTERNATIONAL, CA US","2022-05-09","0.00","0.0","0.0","56","67","46"
"USW00093193","FRESNO YOSEMITE INTERNATIONAL, CA US","2022-05-10","0.00","0.0","0.0","56","67","46"
"USW00093193","FRESNO YOSEMITE INTERNATIONAL, CA US","2022-05-11","0.00","0.0","0.0","57","71","45"
"USW00093193","FRESNO YOSEMITE INTERNATIONAL, CA US","2022-05-12","0.00","0.0","0.0","62","77","48"
"USW00093193","FRESNO YOSEMITE INTERNATIONAL, CA US","2022-05-13","0.00","0.0","0.0","66","85","51"
"USW00093193","FRESNO YOSEMITE INTERNATIONAL, CA US","2022-05-14","0.00","0.0","0.0","74","90","60"
"USW00093193","FRESNO YOSEMITE INTERNATIONAL, CA US","2022-05-15","0.00","0.0","0.0","79","94","65"
"USW00093193","FRESNO YOSEMITE INTERNATIONAL, CA US","2022-05-16","0.00","0.0","0.0","75","87","59"
"USW00093193","FRESNO YOSEMITE INTERNATIONAL, CA US","2022-05-17","0.00","0.0","0.0","71","88","56"
"USW00093193","FRESNO YOSEMITE INTERNATIONAL, CA US","2022-05-18","0.00","0.0","0.0","77","93","63"
"USW00093193","FRESNO YOSEMITE INTERNATIONAL, CA US","2022-05-19","0.00","0.0","0.0","82","95","67"
"USW00093193","FRESNO YOSEMITE INTERNATIONAL, CA US","2022-05-20","0.00","0.0","0.0","74","81","62"
"USW00093193","FRESNO YOSEMITE INTERNATIONAL, CA US","2022-05-21","0.00","0.0","0.0","71","86","57"
"USW00093193","FRESNO YOSEMITE INTERNATIONAL, CA US","2022-05-22","0.00","0.0","0.0","76","91","60"
"USW00093193","FRESNO YOSEMITE INTERNATIONAL, CA US","2022-05-23","0.00","0.0","0.0","78","92","63"
"USW00093193","FRESNO YOSEMITE INTERNATIONAL, CA US","2022-05-24","0.00","0.0","0.0","81","97","67"
"USW00093193","FRESNO YOSEMITE INTERNATIONAL, CA US","2022-05-25","0.00","0.0","0.0","85","103","68"
"USW00093193","FRESNO YOSEMITE INTERNATIONAL, CA US","2022-05-26","0.00","0.0","0.0","87","100","69"
"USW00093193","FRESNO YOSEMITE INTERNATIONAL, CA US","2022-05-27","0.00","0.0","0.0","75","86","61"
"USW00093193","FRESNO YOSEMITE INTERNATIONAL, CA US","2022-05-28","0.00","0.0","0.0","73","83","63"
"USW00093193","FRESNO YOSEMITE INTERNATIONAL, CA US","2022-05-29","0.00","0.0","0.0","69","81","58"
"USW00093193","FRESNO YOSEMITE INTERNATIONAL, CA US","2022-05-30","0.00","0.0","0.0","70","83","56"
"USW00093193","FRESNO YOSEMITE INTERNATIONAL, CA US","2022-05-31","0.00","0.0","0.0","71","87","56"
"USW00093193","FRESNO YOSEMITE INTERNATIONAL, CA US","2022-06-01","0.00","0.0","0.0","78","95","61"
"USW00093193","FRESNO YOSEMITE INTERNATIONAL, CA US","2022-06-02","0.00","0.0","0.0","81","94","65"
"USW00093193","FRESNO YOSEMITE INTERNATIONAL, CA US","2022-06-03","0.00","0.0","0.0","79","92","64"
"USW00093193","FRESNO YOSEMITE INTERNATIONAL, CA US","2022-06-04","0.00","0.0","0.0","75","88","63"
"USW00093193","FRESNO YOSEMITE INTERNATIONAL, CA US","2022-06-05","0.00","0.0","0.0","77","90","66"
"USW00093193","FRESNO YOSEMITE INTERNATIONAL, CA US","2022-06-06","0.00","0.0","0.0","78","91","66"
"USW00093193","FRESNO YOSEMITE INTERNATIONAL, CA US","2022-06-07","0.00","0.0","0.0","78","95","64"
"USW00093193","FRESNO YOSEMITE INTERNATIONAL, CA US","2022-06-08","0.00","0.0","0.0","80","95","63"
"USW00093193","FRESNO YOSEMITE INTERNATIONAL, CA US","2022-06-09","0.00","0.0","0.0","81","97","67"
"USW00093193","FRESNO YOSEMITE INTERNATIONAL, CA US","2022-06-10","0.00","0.0","0.0","87","102","72"
"USW00093193","FRESNO YOSEMITE INTERNATIONAL, CA US","2022-06-11","0.00","0.0","0.0","89","103","75"
"USW00093193","FRESNO YOSEMITE INTERNATIONAL, CA US","2022-06-12","0.00","0.0","0.0","87","98","70"
"USW00093193","FRESNO YOSEMITE INTERNATIONAL, CA US","2022-06-13","0.00","0.0","0.0","76","86","61"
"USW00093193","FRESNO YOSEMITE INTERNATIONAL, CA US","2022-06-14","0.00","0.0","0.0","74","90","59"
"USW00093193","FRESNO YOSEMITE INTERNATIONAL, CA US","2022-06-15","0.00","0.0","0.0","79","98","62"
"USW00093193","FRESNO YOSEMITE INTERNATIONAL, CA US","2022-06-16","0.00","0.0","0.0","82","96","66"
"USW00093193","FRESNO YOSEMITE INTERNATIONAL, CA US","2022-06-17","0.00","0.0","0.0","71","77","57"
"USW00093193","FRESNO YOSEMITE INTERNATIONAL, CA US","2022-06-18","0.00","0.0","0.0","67","80","55"
"USW00093193","FRESNO YOSEMITE INTERNATIONAL, CA US","2022-06-19","0.00","0.0","0.0","70","86","57"
"USW00093193","FRESNO YOSEMITE INTERNATIONAL, CA US","2022-06-20","0.00","0.0","0.0","77","94","63"
"USW00093193","FRESNO YOSEMITE INTERNATIONAL, CA US","2022-06-21","0.00","0.0","0.0","82","103","65"
"USW00093193","FRESNO YOSEMITE INTERNATIONAL, CA US","2022-06-22","0.00","0.0","0.0","87","100","71"
"USW00093193","FRESNO YOSEMITE INTERNATIONAL, CA US","2022-06-23","0.00","0.0","0.0","89","102","76"
"USW00093193","FRESNO YOSEMITE INTERNATIONAL, CA US","2022-06-24","0.00","0.0","0.0","89","104","73"
"USW00093193","FRESNO YOSEMITE INTERNATIONAL, CA US","2022-06-25","0.00","0.0","0.0","90","107","73"
"USW00093193","FRESNO YOSEMITE INTERNATIONAL, CA US","2022-06-26","0.00","0.0","0.0","89","107","72"
"USW00093193","FRESNO YOSEMITE INTERNATIONAL, CA US","2022-06-27","0.00","0.0","0.0","91","107","73"
"USW00093193","FRESNO YOSEMITE INTERNATIONAL, CA US","2022-06-28","0.00","0.0","0.0","90","104","74"
"USW00093193","FRESNO YOSEMITE INTERNATIONAL, CA US","2022-06-29","0.00","0.0","0.0","87","104","71"
"USW00093193","FRESNO YOSEMITE INTERNATIONAL, CA US","2022-06-30","0.00","0.0","0.0","84","99","67"
"USW00093193","FRESNO YOSEMITE INTERNATIONAL, CA US","2022-07-01","0.00","0.0","0.0","82","98","64"
"USW00093193","FRESNO YOSEMITE INTERNATIONAL, CA US","2022-07-02","0.00","0.0","0.0","80","93","64"
"USW00093193","FRESNO YOSEMITE INTERNATIONAL, CA US","2022-07-03","0.00","0.0","0.0","74","87","58"
"USW00093193","FRESNO YOSEMITE INTERNATIONAL, CA US","2022-07-04","0.00","0.0","0.0","74","89","60"
"USW00093193","FRESNO YOSEMITE INTERNATIONAL, CA US","2022-07-05","0.00","0.0","0.0","79","93","67"
"USW00093193","FRESNO YOSEMITE INTERNATIONAL, CA US","2022-07-06","0.00","0.0","0.0","78","90","66"
"USW00093193","FRESNO YOSEMITE INTERNATIONAL, CA US","2022-07-07","0.00","0.0","0.0","78","93","64"
"USW00093193","FRESNO YOSEMITE INTERNATIONAL, CA US","2022-07-08","0.00","0.0","0.0","83","98","68"
"USW00093193","FRESNO YOSEMITE INTERNATIONAL, CA US","2022-07-09","0.00","0.0","0.0","84","97","69"
"USW00093193","FRESNO YOSEMITE INTERNATIONAL, CA US","2022-07-10","0.00","0.0","0.0","83","99","68"
"USW00093193","FRESNO YOSEMITE INTERNATIONAL, CA US","2022-07-11","0.00","0.0","0.0","88","105","72"
"USW00093193","FRESNO YOSEMITE INTERNATIONAL, CA US","2022-07-12","0.00","0.0","0.0","90","104","75"
"USW00093193","FRESNO YOSEMITE INTERNATIONAL, CA US","2022-07-13","0.00","0.0","0.0","85","100","70"
"USW00093193","FRESNO YOSEMITE INTERNATIONAL, CA US","2022-07-14","0.00","0.0","0.0","86","105","69"
"USW00093193","FRESNO YOSEMITE INTERNATIONAL, CA US","2022-07-15","0.00","0.0","0.0","88","105","73"
"USW00093193","FRESNO YOSEMITE INTERNATIONAL, CA US","2022-07-16","0.00","0.0","0.0","90","107","75"
"USW00093193","FRESNO YOSEMITE INTERNATIONAL, CA US","2022-07-17","0.00","0.0","0.0","94","110","78"
"USW00093193","FRESNO YOSEMITE INTERNATIONAL, CA US","2022-07-18","0.00","0.0","0.0","91","104","78"
"USW00093193","FRESNO YOSEMITE INTERNATIONAL, CA US","2022-07-19","0.00","0.0","0.0","90","106","77"
"USW00093193","FRESNO YOSEMITE INTERNATIONAL, CA US","2022-07-20","0.00","0.0","0.0","90","107","75"
"USW00093193","FRESNO YOSEMITE INTERNATIONAL, CA US","2022-07-21","0.00","0.0","0.0","89","105","72"
"USW00093193","FRESNO YOSEMITE INTERNATIONAL, CA US","2022-07-22","0.00","0.0","0.0","89","104","71"
"USW00093193","FRESNO YOSEMITE INTERNATIONAL, CA US","2022-07-23","0.00","0.0","0.0","87","102","69"
"USW00093193","FRESNO YOSEMITE INTERNATIONAL, CA US","2022-07-24","0.00","0.0","0.0","86","103","70"
"USW00093193","FRESNO YOSEMITE INTERNATIONAL, CA US","2022-07-25","0.00","0.0","0.0","87","103","72"
"USW00093193","FRESNO YOSEMITE INTERNATIONAL, CA US","2022-07-26","0.00","0.0","0.0","87","103","73"
"USW00093193","FRESNO YOSEMITE INTERNATIONAL, CA US","2022-07-27","0.00","0.0","0.0","85","101","70"
"USW00093193","FRESNO YOSEMITE INTERNATIONAL, CA US","2022-07-28","0.00","0.0","0.0","87","103","73"
"USW00093193","FRESNO YOSEMITE INTERNATIONAL, CA US","2022-07-29","0.00","0.0","0.0","89","104","75"
"USW00093193","FRESNO YOSEMITE INTERNATIONAL, CA US","2022-07-30","0.00","0.0","0.0","88","104","76"
"USW00093193","FRESNO YOSEMITE INTERNATIONAL, CA US","2022-07-31","0.00","0.0","0.0","89","102","77"
"USW00093193","FRESNO YOSEMITE INTERNATIONAL, CA US","2022-08-01","0.00","0.0","0.0","88","98","77"
"USW00093193","FRESNO YOSEMITE INTERNATIONAL, CA US","2022-08-02","0.00","0.0","0.0","85","101","74"
"USW00093193","FRESNO YOSEMITE INTERNATIONAL, CA US","2022-08-03","0.00","0.0","0.0","89","104","76"
"USW00093193","FRESNO YOSEMITE INTERNATIONAL, CA US","2022-08-04","0.00","0.0","0.0","93","107","80"
"USW00093193","FRESNO YOSEMITE INTERNATIONAL, CA US","2022-08-05","0.05","0.0","0.0","85","92","71"
"USW00093193","FRESNO YOSEMITE INTERNATIONAL, CA US","2022-08-06","0.00","0.0","0.0","81","96","68"
"USW00093193","FRESNO YOSEMITE INTERNATIONAL, CA US","2022-08-07","0.00","0.0","0.0","82","99","68"
"USW00093193","FRESNO YOSEMITE INTERNATIONAL, CA US","2022-08-08","0.00","0.0","0.0","83","98","70"
"USW00093193","FRESNO YOSEMITE INTERNATIONAL, CA US","2022-08-09","0.00","0.0","0.0","84","99","72"
"USW00093193","FRESNO YOSEMITE INTERNATIONAL, CA US","2022-08-10","0.00","0.0","0.0","81","95","67"
"USW00093193","FRESNO YOSEMITE INTERNATIONAL, CA US","2022-08-11","0.00","0.0","0.0","83","99","69"
"USW00093193","FRESNO YOSEMITE INTERNATIONAL, CA US","2022-08-12","0.00","0.0","0.0","83","101","68"
"USW00093193","FRESNO YOSEMITE INTERNATIONAL, CA US","2022-08-13","0.00","0.0","0.0","83","101","67"
"USW00093193","FRESNO YOSEMITE INTERNATIONAL, CA US","2022-08-14","0.00","0.0","0.0","85","101","69"
"USW00093193","FRESNO YOSEMITE INTERNATIONAL, CA US","2022-08-15","0.00","0.0","0.0","87","104","70"
"USW00093193","FRESNO YOSEMITE INTERNATIONAL, CA US","2022-08-16","0.00","0.0","0.0","89","107","73"
"USW00093193","FRESNO YOSEMITE INTERNATIONAL, CA US","2022-08-17","0.00","0.0","0.0","93","105","80"
"USW00093193","FRESNO YOSEMITE INTERNATIONAL, CA US","2022-08-18","0.00","0.0","0.0","89","105","72"
"USW00093193","FRESNO YOSEMITE INTERNATIONAL, CA US","2022-08-19","0.00","0.0","0.0","89","107","74"
"USW00093193","FRESNO YOSEMITE INTERNATIONAL, CA US","2022-08-20","0.00","0.0","0.0","89","107","73"
"USW00093193","FRESNO YOSEMITE INTERNATIONAL, CA US","2022-08-21","0.00","0.0","0.0","89","105","73"
"USW00093193","FRESNO YOSEMITE INTERNATIONAL, CA US","2022-08-22","0.00","0.0","0.0","86","100","71"
"USW00093193","FRESNO YOSEMITE INTERNATIONAL, CA US","2022-08-23","0.00","0.0","0.0","87","103","72"
"USW00093193","FRESNO YOSEMITE INTERNATIONAL, CA US","2022-08-24","0.00","0.0","0.0","89","106","74"
"USW00093193","FRESNO YOSEMITE INTERNATIONAL, CA US","2022-08-25","0.00","0.0","0.0","89","105","74"
"USW00093193","FRESNO YOSEMITE INTERNATIONAL, CA US","2022-08-26","0.00","0.0","0.0","86","102","69"
"USW00093193","FRESNO YOSEMITE INTERNATIONAL, CA US","2022-08-27","0.00","0.0","0.0","86","101","71"
"USW00093193","FRESNO YOSEMITE INTERNATIONAL, CA US","2022-08-28","0.00","0.0","0.0","83","98","69"
"USW00093193","FRESNO YOSEMITE INTERNATIONAL, CA US","2022-08-29","0.00","0.0","0.0","83","100","69"
"USW00093193","FRESNO YOSEMITE INTERNATIONAL, CA US","2022-08-30","0.00","0.0","0.0","86","103","71"
"USW00093193","FRESNO YOSEMITE INTERNATIONAL, CA US","2022-08-31","0.00","0.0","0.0","86","103","70"
"USW00093193","FRESNO YOSEMITE INTERNATIONAL, CA US","2022-09-01","0.00","0.0","0.0","88","106","74"
"USW00093193","FRESNO YOSEMITE INTERNATIONAL, CA US","2022-09-02","0.00","0.0","0.0","92","111","77"
"USW00093193","FRESNO YOSEMITE INTERNATIONAL, CA US","2022-09-03","0.00","0.0","0.0","91","105","77"
"USW00093193","FRESNO YOSEMITE INTERNATIONAL, CA US","2022-09-04","0.00","0.0","0.0","90","107","75"
"USW00093193","FRESNO YOSEMITE INTERNATIONAL, CA US","2022-09-05","0.00","0.0","0.0","93","108","78"
"USW00093193","FRESNO YOSEMITE INTERNATIONAL, CA US","2022-09-06","0.00","0.0","0.0","96","114","80"
"USW00093193","FRESNO YOSEMITE INTERNATIONAL, CA US","2022-09-07","0.00","0.0","0.0","97","111","79"
"USW00093193","FRESNO YOSEMITE INTERNATIONAL, CA US","2022-09-08","0.00","0.0","0.0","93","106","78"
"USW00093193","FRESNO YOSEMITE INTERNATIONAL, CA US","2022-09-09","0.00","0.0","0.0","93","106","77"
"USW00093193","FRESNO YOSEMITE INTERNATIONAL, CA US","2022-09-10","0.00","0.0","0.0","91","97","80"
"USW00093193","FRESNO YOSEMITE INTERNATIONAL, CA US","2022-09-11","0.00","0.0","0.0","83","97","76"
"USW00093193","FRESNO YOSEMITE INTERNATIONAL, CA US","2022-09-12","0.00","0.0","0.0","86","97","77"
"USW00093193","FRESNO YOSEMITE INTERNATIONAL, CA US","2022-09-13","0.00","0.0","0.0","83","92","67"
"USW00093193","FRESNO YOSEMITE INTERNATIONAL, CA US","2022-09-14","0.00","0.0","0.0","74","84","62"
"USW00093193","FRESNO YOSEMITE INTERNATIONAL, CA US","2022-09-15","0.00","0.0","0.0","73","84","62"
"USW00093193","FRESNO YOSEMITE INTERNATIONAL, CA US","2022-09-16","0.00","0.0","0.0","72","86","60"
"USW00093193","FRESNO YOSEMITE INTERNATIONAL, CA US","2022-09-17","0.00","0.0","0.0","74","88","63"
"USW00093193","FRESNO YOSEMITE INTERNATIONAL, CA US","2022-09-18","0.00","0.0","0.0","71","79","61"
"USW00093193","FRESNO YOSEMITE INTERNATIONAL, CA US","2022-09-19","0.06","0.0","0.0","69","75","63"
"USW00093193","FRESNO YOSEMITE INTERNATIONAL, CA US","2022-09-20","0.00","0.0","0.0","69","81","64"
"USW00093193","FRESNO YOSEMITE INTERNATIONAL, CA US","2022-09-21","0.00","0.0","0.0","72","82","62"
"USW00093193","FRESNO YOSEMITE INTERNATIONAL, CA US","2022-09-22","0.00","0.0","0.0","71","84","60"
"USW00093193","FRESNO YOSEMITE INTERNATIONAL, CA US","2022-09-23","0.00","0.0","0.0","74","91","61"
"USW00093193","FRESNO YOSEMITE INTERNATIONAL, CA US","2022-09-24","0.00","0.0","0.0","78","96","63"
"USW00093193","FRESNO YOSEMITE INTERNATIONAL, CA US","2022-09-25","0.00","0.0","0.0","82","97","67"
"USW00093193","FRESNO YOSEMITE INTERNATIONAL, CA US","2022-09-26","0.00","0.0","0.0","83","99","69"
"USW00093193","FRESNO YOSEMITE INTERNATIONAL, CA US","2022-09-27","0.00","0.0","0.0","82","97","68"
"USW00093193","FRESNO YOSEMITE INTERNATIONAL, CA US","2022-09-28","0.00","0.0","0.0","78","95","63"
"USW00093193","FRESNO YOSEMITE INTERNATIONAL, CA US","2022-09-29","0.00","0.0","0.0","78","92","64"
"USW00093193","FRESNO YOSEMITE INTERNATIONAL, CA US","2022-09-30","0.00","0.0","0.0","77","92","63"
"USW00093193","FRESNO YOSEMITE INTERNATIONAL, CA US","2022-10-01","0.00","0.0","0.0","78","93","62"
"USW00093193","FRESNO YOSEMITE INTERNATIONAL, CA US","2022-10-02","0.00","0.0","0.0","74","87","60"
"USW00093193","FRESNO YOSEMITE INTERNATIONAL, CA US","2022-10-03","0.00","0.0","0.0","73","88","61"
"USW00093193","FRESNO YOSEMITE INTERNATIONAL, CA US","2022-10-04","0.00","0.0","0.0","76","91","62"
"USW00093193","FRESNO YOSEMITE INTERNATIONAL, CA US","2022-10-05","0.00","0.0","0.0","77","93","63"
"USW00093193","FRESNO YOSEMITE INTERNATIONAL, CA US","2022-10-06","0.00","0.0","0.0","79","94","64"
"USW00093193","FRESNO YOSEMITE INTERNATIONAL, CA US","2022-10-07","0.00","0.0","0.0","79","95","63"
"USW00093193","FRESNO YOSEMITE INTERNATIONAL, CA US","2022-10-08","0.00","0.0","0.0","79","93","64"
"USW00093193","FRESNO YOSEMITE INTERNATIONAL, CA US","2022-10-09","0.00","0.0","0.0","79","94","64"
"USW00093193","FRESNO YOSEMITE INTERNATIONAL, CA US","2022-10-10","0.00","0.0","0.0","78","93","65"
"USW00093193","FRESNO YOSEMITE INTERNATIONAL, CA US","2022-10-11","0.00","0.0","0.0","78","94","63"
"USW00093193","FRESNO YOSEMITE INTERNATIONAL, CA US","2022-10-12","0.00","0.0","0.0","76","90","61"
"USW00093193","FRESNO YOSEMITE INTERNATIONAL, CA US","2022-10-13","0.00","0.0","0.0","75","89","62"
"USW00093193","FRESNO YOSEMITE INTERNATIONAL, CA US","2022-10-14","0.00","0.0","0.0","73","88","60"
"USW00093193","FRESNO YOSEMITE INTERNATIONAL, CA US","2022-10-15","0.00","0.0","0.0","74","87","60"
"USW00093193","FRESNO YOSEMITE INTERNATIONAL, CA US","2022-10-16","0.00","0.0","0.0","68","80","56"
"USW00093193","FRESNO YOSEMITE INTERNATIONAL, CA US","2022-10-17","0.00","0.0","0.0","67","81","55"
"USW00093193","FRESNO YOSEMITE INTERNATIONAL, CA US","2022-10-18","0.00","0.0","0.0","70","84","59"
"USW00093193","FRESNO YOSEMITE INTERNATIONAL, CA US","2022-10-19","0.00","0.0","0.0","72","89","58"
"USW00093193","FRESNO YOSEMITE INTERNATIONAL, CA US","2022-10-20","0.00","0.0","0.0","74","90","61"
"USW00093193","FRESNO YOSEMITE INTERNATIONAL, CA US","2022-10-21","0.00","0.0","0.0","74","90","61"
"USW00093193","FRESNO YOSEMITE INTERNATIONAL, CA US","2022-10-22","0.00","0.0","0.0","71","76","57"
"USW00093193","FRESNO YOSEMITE INTERNATIONAL, CA US","2022-10-23","0.00","0.0","0.0","61","71","49"
"USW00093193","FRESNO YOSEMITE INTERNATIONAL, CA US","2022-10-24","0.00","0.0","0.0","59","73","47"
"USW00093193","FRESNO YOSEMITE INTERNATIONAL, CA US","2022-10-25","0.00","0.0","0.0","62","76","51"
"USW00093193","FRESNO YOSEMITE INTERNATIONAL, CA US","2022-10-26","0.00","0.0","0.0","61","72","49"
"USW00093193","FRESNO YOSEMITE INTERNATIONAL, CA US","2022-10-27","0.00","0.0","0.0","58","74","46"
"USW00093193","FRESNO YOSEMITE INTERNATIONAL, CA US","2022-10-28","0.00","0.0","0.0","62","77","48"
"USW00093193","FRESNO YOSEMITE INTERNATIONAL, CA US","2022-10-29","0.00","0.0","0.0","61","74","48"
"USW00093193","FRESNO YOSEMITE INTERNATIONAL, CA US","2022-10-30","0.00","0.0","0.0","61","76","49"
"USW00093193","FRESNO YOSEMITE INTERNATIONAL, CA US","2022-10-31","0.00","0.0","0.0","62","72","50"
"USW00093193","FRESNO YOSEMITE INTERNATIONAL, CA US","2022-11-01","0.13","0.0","0.0","60","69","49"
"USW00093193","FRESNO YOSEMITE INTERNATIONAL, CA US","2022-11-02","0.01","0.0","0.0","53","62","44"
"USW00093193","FRESNO YOSEMITE INTERNATIONAL, CA US","2022-11-03","0.00","0.0","0.0","49","58","43"
"USW00093193","FRESNO YOSEMITE INTERNATIONAL, CA US","2022-11-04","0.00","0.0","0.0","50","62","40"
"USW00093193","FRESNO YOSEMITE INTERNATIONAL, CA US","2022-11-05","0.00","0.0","0.0","53","65","43"
"USW00093193","FRESNO YOSEMITE INTERNATIONAL, CA US","2022-11-06","0.04","0.0","0.0","59","66","53"
"USW00093193","FRESNO YOSEMITE INTERNATIONAL, CA US","2022-11-07","0.30","0.0","0.0","56","56","50"
"USW00093193","FRESNO YOSEMITE INTERNATIONAL, CA US","2022-11-08","0.17","0.0","0.0","52","57","46"
"USW00093193","FRESNO YOSEMITE INTERNATIONAL, CA US","2022-11-09","0.01","0.0","0.0","51","59","45"
"USW00093193","FRESNO YOSEMITE INTERNATIONAL, CA US","2022-11-10","0.00","0.0","0.0","49","59","39"
"USW00093193","FRESNO YOSEMITE INTERNATIONAL, CA US","2022-11-11","0.00","0.0","0.0","49","61","40"
"USW00093193","FRESNO YOSEMITE INTERNATIONAL, CA US","2022-11-12","0.00","0.0","0.0","50","63","39"
"USW00093193","FRESNO YOSEMITE INTERNATIONAL, CA US","2022-11-13","0.00","0.0","0.0","48","54","42"
"USW00093193","FRESNO YOSEMITE INTERNATIONAL, CA US","2022-11-14","0.00","0.0","0.0","49","64","39"
"USW00093193","FRESNO YOSEMITE INTERNATIONAL, CA US","2022-11-15","0.00","0.0","0.0","50","64","38"
"USW00093193","FRESNO YOSEMITE INTERNATIONAL, CA US","2022-11-16","0.00","0.0","0.0","51","67","39"
"USW00093193","FRESNO YOSEMITE INTERNATIONAL, CA US","2022-11-17","0.00","0.0","0.0","52","68","39"
"USW00093193","FRESNO YOSEMITE INTERNATIONAL, CA US","2022-11-18","0.00","0.0","0.0","50","63","38"
"USW00093193","FRESNO YOSEMITE INTERNATIONAL, CA US","2022-11-19","0.00","0.0","0.0","50","64","38"
"USW00093193","FRESNO YOSEMITE INTERNATIONAL, CA US","2022-11-20","0.00","0.0","0.0","50","67","37"
"USW00093193","FRESNO YOSEMITE INTERNATIONAL, CA US","2022-11-21","0.00","0.0","0.0","49","64","36"
"USW00093193","FRESNO YOSEMITE INTERNATIONAL, CA US","2022-11-22","0.00","0.0","0.0","50","64","36"
"USW00093193","FRESNO YOSEMITE INTERNATIONAL, CA US","2022-11-23","0.00","0.0","0.0","50","64","39"
"USW00093193","FRESNO YOSEMITE INTERNATIONAL, CA US","2022-11-24","0.00","0.0","0.0","51","71","39"
"USW00093193","FRESNO YOSEMITE INTERNATIONAL, CA US","2022-11-25","0.00","0.0","0.0","53","71","40"
"USW00093193","FRESNO YOSEMITE INTERNATIONAL, CA US","2022-11-26","0.00","0.0","0.0","53","67","40"
"USW00093193","FRESNO YOSEMITE INTERNATIONAL, CA US","2022-11-27","0.00","0.0","0.0","51","66","39"
"USW00093193","FRESNO YOSEMITE INTERNATIONAL, CA US","2022-11-28","0.00","0.0","0.0","51","64","39"
"USW00093193","FRESNO YOSEMITE INTERNATIONAL, CA US","2022-11-29","0.00","0.0","0.0","48","59","38"
"USW00093193","FRESNO YOSEMITE INTERNATIONAL, CA US","2022-11-30","0.00","0.0","0.0","47","62","37"
"USW00093193","FRESNO YOSEMITE INTERNATIONAL, CA US","2022-12-01","0.64","0.0","0.0","51","55","44"
"USW00093193","FRESNO YOSEMITE INTERNATIONAL, CA US","2022-12-02","0.00","0.0","0.0","46","52","38"
"USW00093193","FRESNO YOSEMITE INTERNATIONAL, CA US","2022-12-03","0.78","0.0","0.0","50","57","46"
"USW00093193","FRESNO YOSEMITE INTERNATIONAL, CA US","2022-12-04","0.27","0.0","0.0","57","63","52"
"USW00093193","FRESNO YOSEMITE INTERNATIONAL, CA US","2022-12-05","0.00","0.0","0.0","55","62","45"
"USW00093193","FRESNO YOSEMITE INTERNATIONAL, CA US","2022-12-06","0.00","0.0","0.0","50","59","41"
"USW00093193","FRESNO YOSEMITE INTERNATIONAL, CA US","2022-12-07","0.00","0.0","0.0","49","56","42"
"USW00093193","FRESNO YOSEMITE INTERNATIONAL, CA US","2022-12-08","0.00","0.0","0.0","47","56","39"
"USW00093193","FRESNO YOSEMITE INTERNATIONAL, CA US","2022-12-09","0.00","0.0","0.0","49","58","42"
"USW00093193","FRESNO YOSEMITE INTERNATIONAL, CA US","2022-12-10","0.86","0.0","0.0","53","62","48"
"USW00093193","FRESNO YOSEMITE INTERNATIONAL, CA US","2022-12-11","0.02","0.0","0.0","53","55","45"
"USW00093193","FRESNO YOSEMITE INTERNATIONAL, CA US","2022-12-12","0.02","0.0","0.0","48","54","41"
"USW00093193","FRESNO YOSEMITE INTERNATIONAL, CA US","2022-12-13","0.00","0.0","0.0","44","52","36"
"USW00093193","FRESNO YOSEMITE INTERNATIONAL, CA US","2022-12-14","0.00","0.0","0.0","44","55","36"
"USW00093193","FRESNO YOSEMITE INTERNATIONAL, CA US","2022-12-15","0.00","0.0","0.0","44","54","35"
"USW00093193","FRESNO YOSEMITE INTERNATIONAL, CA US","2022-12-16","0.00","0.0","0.0","44","58","34"
"USW00093193","FRESNO YOSEMITE INTERNATIONAL, CA US","2022-12-17","0.00","0.0","0.0","42","53","32"
"USW00093193","FRESNO YOSEMITE INTERNATIONAL, CA US","2022-12-18","0.00","0.0","0.0","40","41","38"
"USW00093193","FRESNO YOSEMITE INTERNATIONAL, CA US","2022-12-19","0.00","0.0","0.0","39","46","37"
"USW00093193","FRESNO YOSEMITE INTERNATIONAL, CA US","2022-12-20","0.00","0.0","0.0","40","47","37"
"USW00093193","FRESNO YOSEMITE INTERNATIONAL, CA US","2022-12-21","0.00","0.0","0.0","40","41","37"
"USW00093193","FRESNO YOSEMITE INTERNATIONAL, CA US","2022-12-22","0.00","0.0","0.0","39","47","37"
"USW00093193","FRESNO YOSEMITE INTERNATIONAL, CA US","2022-12-23","0.00","0.0","0.0","41","49","37"
"USW00093193","FRESNO YOSEMITE INTERNATIONAL, CA US","2022-12-24","0.00","0.0","0.0","40","49","35"
"USW00093193","FRESNO YOSEMITE INTERNATIONAL, CA US","2022-12-25","0.00","0.0","0.0","41","48","38"
"USW00093193","FRESNO YOSEMITE INTERNATIONAL, CA US","2022-12-26","0.02","0.0","0.0","42","49","39"
"USW00093193","FRESNO YOSEMITE INTERNATIONAL, CA US","2022-12-27","1.18","0.0","0.0","50","55","46"
"USW00093193","FRESNO YOSEMITE INTERNATIONAL, CA US","2022-12-28","0.00","0.0","0.0","51","57","46"
"USW00093193","FRESNO YOSEMITE INTERNATIONAL, CA US","2022-12-29","0.24","0.0","0.0","50","52","48"
"USW00093193","FRESNO YOSEMITE INTERNATIONAL, CA US","2022-12-30","0.13","0.0","0.0","52","59","50"
"USW00093193","FRESNO YOSEMITE INTERNATIONAL, CA US","2022-12-31","0.43","0.0","0.0","58","60","50"
"USW00093193","FRESNO YOSEMITE INTERNATIONAL, CA US","2023-01-01","0.17","0.0","0.0","52","56","42"
"USW00093193","FRESNO YOSEMITE INTERNATIONAL, CA US","2023-01-02","0.33","0.0","0.0","45","50","39"
"USW00093193","FRESNO YOSEMITE INTERNATIONAL, CA US","2023-01-03","0.00","0.0","0.0","50","59","46"
"USW00093193","FRESNO YOSEMITE INTERNATIONAL, CA US","2023-01-04","0.16","0.0","0.0","53","64","45"
"USW00093193","FRESNO YOSEMITE INTERNATIONAL, CA US","2023-01-05","0.43","0.0","0.0","57","61","46"
"USW00093193","FRESNO YOSEMITE INTERNATIONAL, CA US","2023-01-06","0.00","0.0","0.0","49","58","40"
"USW00093193","FRESNO YOSEMITE INTERNATIONAL, CA US","2023-01-07","0.00","0.0","0.0","51","64","45"
"USW00093193","FRESNO YOSEMITE INTERNATIONAL, CA US","2023-01-08","0.23","0.0","0.0","56","60","50"
"USW00093193","FRESNO YOSEMITE INTERNATIONAL, CA US","2023-01-09","1.53","0.0","0.0","57","59","54"
"USW00093193","FRESNO YOSEMITE INTERNATIONAL, CA US","2023-01-10","0.13","0.0","0.0","57","62","47"
"USW00093193","FRESNO YOSEMITE INTERNATIONAL, CA US","2023-01-11","0.02","0.0","0.0","51","57","46"
"USW00093193","FRESNO YOSEMITE INTERNATIONAL, CA US","2023-01-12","0.00","0.0","0.0","53","64","45"
"USW00093193","FRESNO YOSEMITE INTERNATIONAL, CA US","2023-01-13","0.00","0.0","0.0","56","63","50"
"USW00093193","FRESNO YOSEMITE INTERNATIONAL, CA US","2023-01-14","0.69","0.0","0.0","54","56","51"
"USW00093193","FRESNO YOSEMITE INTERNATIONAL, CA US","2023-01-15","0.00","0.0","0.0","51","53","45"
"USW00093193","FRESNO YOSEMITE INTERNATIONAL, CA US","2023-01-16","0.21","0.0","0.0","50","57","43"
"USW00093193","FRESNO YOSEMITE INTERNATIONAL, CA US","2023-01-17","0.00","0.0","0.0","45","52","39"
"USW00093193","FRESNO YOSEMITE INTERNATIONAL, CA US","2023-01-18","0.00","0.0","0.0","44","55","37"
"USW00093193","FRESNO YOSEMITE INTERNATIONAL, CA US","2023-01-19","0.05","0.0","0.0","48","54","43"
"USW00093193","FRESNO YOSEMITE INTERNATIONAL, CA US","2023-01-20","0.00","0.0","0.0","46","55","41"
"USW00093193","FRESNO YOSEMITE INTERNATIONAL, CA US","2023-01-21","0.00","0.0","0.0","44","55","35"
"USW00093193","FRESNO YOSEMITE INTERNATIONAL, CA US","2023-01-22","0.00","0.0","0.0","44","53","36"
"USW00093193","FRESNO YOSEMITE INTERNATIONAL, CA US","2023-01-23","0.00","0.0","0.0","44","54","35"
"USW00093193","FRESNO YOSEMITE INTERNATIONAL, CA US","2023-01-24","0.00","0.0","0.0","44","59","33"
"USW00093193","FRESNO YOSEMITE INTERNATIONAL, CA US","2023-01-25","0.00","0.0","0.0","46","60","35"
"USW00093193","FRESNO YOSEMITE INTERNATIONAL, CA US","2023-01-26","0.00","0.0","0.0","48","64","37"
"USW00093193","FRESNO YOSEMITE INTERNATIONAL, CA US","2023-01-27","0.00","0.0","0.0","49","63","37"
"USW00093193","FRESNO YOSEMITE INTERNATIONAL, CA US","2023-01-28","0.00","0.0","0.0","49","61","37"
"USW00093193","FRESNO YOSEMITE INTERNATIONAL, CA US","2023-01-29","0.00","0.0","0.0","47","53","39"
"USW00093193","FRESNO YOSEMITE INTERNATIONAL, CA US","2023-01-30","0.00","0.0","0.0","45","53","37"
"USW00093193","FRESNO YOSEMITE INTERNATIONAL, CA US","2023-01-31","0.00","0.0","0.0","42","54","32"
"USW00093193","FRESNO YOSEMITE INTERNATIONAL, CA US","2023-02-01","0.00","0.0","0.0","45","62","34"
"USW00093193","FRESNO YOSEMITE INTERNATIONAL, CA US","2023-02-02","0.00","0.0","0.0","49","64","37"
"USW00093193","FRESNO YOSEMITE INTERNATIONAL, CA US","2023-02-03","0.00","0.0","0.0","54","68","44"
"USW00093193","FRESNO YOSEMITE INTERNATIONAL, CA US","2023-02-04","0.03","0.0","0.0","53","68","40"
"USW00093193","FRESNO YOSEMITE INTERNATIONAL, CA US","2023-02-05","0.60","0.0","0.0","56","59","42"
"USW00093193","FRESNO YOSEMITE INTERNATIONAL, CA US","2023-02-06","0.00","0.0","0.0","43","52","38"
"USW00093193","FRESNO YOSEMITE INTERNATIONAL, CA US","2023-02-07","0.00","0.0","0.0","46","59","36"
"USW00093193","FRESNO YOSEMITE INTERNATIONAL, CA US","2023-02-08","0.00","0.0","0.0","48","63","37"
"USW00093193","FRESNO YOSEMITE INTERNATIONAL, CA US","2023-02-09","0.00","0.0","0.0","52","68","41"
"USW00093193","FRESNO YOSEMITE INTERNATIONAL, CA US","2023-02-10","0.00","0.0","0.0","54","69","42"
"USW00093193","FRESNO YOSEMITE INTERNATIONAL, CA US","2023-02-11","0.00","0.0","0.0","53","58","42"
"USW00093193","FRESNO YOSEMITE INTERNATIONAL, CA US","2023-02-12","0.00","0.0","0.0","49","59","39"
"USW00093193","FRESNO YOSEMITE INTERNATIONAL, CA US","2023-02-13","0.00","0.0","0.0","51","65","40"
"USW00093193","FRESNO YOSEMITE INTERNATIONAL, CA US","2023-02-14","0.00","0.0","0.0","52","56","39"
"USW00093193","FRESNO YOSEMITE INTERNATIONAL, CA US","2023-02-15","0.00","0.0","0.0","42","55","31"
"USW00093193","FRESNO YOSEMITE INTERNATIONAL, CA US","2023-02-16","0.00","0.0","0.0","45","60","33"
"USW00093193","FRESNO YOSEMITE INTERNATIONAL, CA US","2023-02-17","0.00","0.0","0.0","48","61","36"
"USW00093193","FRESNO YOSEMITE INTERNATIONAL, CA US","2023-02-18","0.00","0.0","0.0","47","63","34"
"USW00093193","FRESNO YOSEMITE INTERNATIONAL, CA US","2023-02-19","0.00","0.0","0.0","50","66","36"
"USW00093193","FRESNO YOSEMITE INTERNATIONAL, CA US","2023-02-20","0.00","0.0","0.0","52","68","38"
"USW00093193","FRESNO YOSEMITE INTERNATIONAL, CA US","2023-02-21","0.00","0.0","0.0","54","68","42"
"USW00093193","FRESNO YOSEMITE INTERNATIONAL, CA US","2023-02-22","0.18","0.0","0.0","46","52","37"
"USW00093193","FRESNO YOSEMITE INTERNATIONAL, CA US","2023-02-23","0.00","0.0","0.0","42","52","35"
"USW00093193","FRESNO YOSEMITE INTERNATIONAL, CA US","2023-02-24","2.16","0.0","0.0","45","49","41"
"USW00093193","FRESNO YOSEMITE INTERNATIONAL, CA US","2023-02-25","0.69","0.0","0.0","42","46","38"
"USW00093193","FRESNO YOSEMITE INTERNATIONAL, CA US","2023-02-26","0.02","0.0","0.0","43","52","37"
"USW00093193","FRESNO YOSEMITE INTERNATIONAL, CA US","2023-02-27","0.15","0.0","0.0","48","53","40"
"USW00093193","FRESNO YOSEMITE INTERNATIONAL, CA US","2023-02-28","0.43","0.0","0.0","45","51","38"
"USW00093193","FRESNO YOSEMITE INTERNATIONAL, CA US","2023-03-01","0.39","0.0","0.0","44","51","38"
"USW00093193","FRESNO YOSEMITE INTERNATIONAL, CA US","2023-03-02","0.00","0.0","0.0","45","57","34"
"USW00093193","FRESNO YOSEMITE INTERNATIONAL, CA US","2023-03-03","0.00","0.0","0.0","48","59","37"
"USW00093193","FRESNO YOSEMITE INTERNATIONAL, CA US","2023-03-04","0.00","0.0","0.0","51","56","45"
"USW00093193","FRESNO YOSEMITE INTERNATIONAL, CA US","2023-03-05","0.32","0.0","0.0","48","50","43"
"USW00093193","FRESNO YOSEMITE INTERNATIONAL, CA US","2023-03-06","0.00","0.0","0.0","46","58","38"
"USW00093193","FRESNO YOSEMITE INTERNATIONAL, CA US","2023-03-07","0.00","0.0","0.0","49","58","39"
"USW00093193","FRESNO YOSEMITE INTERNATIONAL, CA US","2023-03-08","0.00","0.0","0.0","49","59","39"
"USW00093193","FRESNO YOSEMITE INTERNATIONAL, CA US","2023-03-09","0.42","0.0","0.0","50","59","42"
"USW00093193","FRESNO YOSEMITE INTERNATIONAL, CA US","2023-03-10","0.88","0.0","0.0","55","62","54"
"USW00093193","FRESNO YOSEMITE INTERNATIONAL, CA US","2023-03-11","0.04","0.0","0.0","60","71","56"
"USW00093193","FRESNO YOSEMITE INTERNATIONAL, CA US","2023-03-12","0.36","0.0","0.0","60","68","53"
"USW00093193","FRESNO YOSEMITE INTERNATIONAL, CA US","2023-03-13","0.00","0.0","0.0","59","71","50"
"USW00093193","FRESNO YOSEMITE INTERNATIONAL, CA US","2023-03-14","0.52","0.0","0.0","60","64","55"
"USW00093193","FRESNO YOSEMITE INTERNATIONAL, CA US","2023-03-15","0.14","0.0","0.0","56","61","48"
"USW00093193","FRESNO YOSEMITE INTERNATIONAL, CA US","2023-03-16","0.00","0.0","0.0","53","66","45"
"USW00093193","FRESNO YOSEMITE INTERNATIONAL, CA US","2023-03-17","0.00","0.0","0.0","58","69","48"
"USW00093193","FRESNO YOSEMITE INTERNATIONAL, CA US","2023-03-18","0.00","0.0","0.0","60","70","49"
"USW00093193","FRESNO YOSEMITE INTERNATIONAL, CA US","2023-03-19","0.18","0.0","0.0","60","67","54"
"USW00093193","FRESNO YOSEMITE INTERNATIONAL, CA US","2023-03-20","0.00","0.0","0.0","58","65","53"
"USW00093193","FRESNO YOSEMITE INTERNATIONAL, CA US","2023-03-21","0.35","0.0","0.0","57","63","47"
"USW00093193","FRESNO YOSEMITE INTERNATIONAL, CA US","2023-03-22","0.01","0.0","0.0","51","57","47"
"USW00093193","FRESNO YOSEMITE INTERNATIONAL, CA US","2023-03-23","0.00","0.0","0.0","52","58","48"
"USW00093193","FRESNO YOSEMITE INTERNATIONAL, CA US","2023-03-24","0.00","0.0","0.0","51","60","45"
"USW00093193","FRESNO YOSEMITE INTERNATIONAL, CA US","2023-03-25","0.00","0.0","0.0","50","60","41"
"USW00093193","FRESNO YOSEMITE INTERNATIONAL, CA US","2023-03-26","0.00","0.0","0.0","50","60","39"
"USW00093193","FRESNO YOSEMITE INTERNATIONAL, CA US","2023-03-27","0.00","0.0","0.0","50","65","37"
"USW00093193","FRESNO YOSEMITE INTERNATIONAL, CA US","2023-03-28","0.35","0.0","0.0","56","63","46"
"USW00093193","FRESNO YOSEMITE INTERNATIONAL, CA US","2023-03-29","0.04","0.0","0.0","51","58","45"
"USW00093193","FRESNO YOSEMITE INTERNATIONAL, CA US","2023-03-30","0.00","0.0","0.0","50","58","45"
"USW00093193","FRESNO YOSEMITE INTERNATIONAL, CA US","2023-03-31","0.00","0.0","0.0","51","65","41"
"USW00093193","FRESNO YOSEMITE INTERNATIONAL, CA US","2023-04-01","0.00","0.0","0.0","54","68","43"
"USW00093193","FRESNO YOSEMITE INTERNATIONAL, CA US","2023-04-02","0.00","0.0","0.0","57","68","47"
"USW00093193","FRESNO YOSEMITE INTERNATIONAL, CA US","2023-04-03","0.00","0.0","0.0","53","58","43"
"USW00093193","FRESNO YOSEMITE INTERNATIONAL, CA US","2023-04-04","0.00","0.0","0.0","49","60","38"
"USW00093193","FRESNO YOSEMITE INTERNATIONAL, CA US","2023-04-05","0.00","0.0","0.0","51","64","39"
"USW00093193","FRESNO YOSEMITE INTERNATIONAL, CA US","2023-04-06","0.00","0.0","0.0","56","71","41"
"USW00093193","FRESNO YOSEMITE INTERNATIONAL, CA US","2023-04-07","0.00","0.0","0.0","62","70","55"
"USW00093193","FRESNO YOSEMITE INTERNATIONAL, CA US","2023-04-08","0.00","0.0","0.0","62","73","51"
"USW00093193","FRESNO YOSEMITE INTERNATIONAL, CA US","2023-04-09","0.00","0.0","0.0","64","79","53"
"USW00093193","FRESNO YOSEMITE INTERNATIONAL, CA US","2023-04-10","0.00","0.0","0.0","69","88","56"
"USW00093193","FRESNO YOSEMITE INTERNATIONAL, CA US","2023-04-11","0.00","0.0","0.0","68","75","56"
"USW00093193","FRESNO YOSEMITE INTERNATIONAL, CA US","2023-04-12","0.00","0.0","0.0","61","69","48"
"USW00093193","FRESNO YOSEMITE INTERNATIONAL, CA US","2023-04-13","0.00","0.0","0.0","56","67","45"
"USW00093193","FRESNO YOSEMITE INTERNATIONAL, CA US","2023-04-14","0.00","0.0","0.0","58","72","47"
"USW00093193","FRESNO YOSEMITE INTERNATIONAL, CA US","2023-04-15","0.00","0.0","0.0","62","78","48"
"USW00093193","FRESNO YOSEMITE INTERNATIONAL, CA US","2023-04-16","0.00","0.0","0.0","64","76","51"
"USW00093193","FRESNO YOSEMITE INTERNATIONAL, CA US","2023-04-17","0.00","0.0","0.0","62","70","50"
"USW00093193","FRESNO YOSEMITE INTERNATIONAL, CA US","2023-04-18","0.00","0.0","0.0","57","66","46"
"USW00093193","FRESNO YOSEMITE INTERNATIONAL, CA US","2023-04-19","0.00","0.0","0.0","55","68","45"
"USW00093193","FRESNO YOSEMITE INTERNATIONAL, CA US","2023-04-20","0.00","0.0","0.0","58","74","45"
"USW00093193","FRESNO YOSEMITE INTERNATIONAL, CA US","2023-04-21","0.00","0.0","0.0","64","81","50"
"USW00093193","FRESNO YOSEMITE INTERNATIONAL, CA US","2023-04-22","0.00","0.0","0.0","69","84","57"
"USW00093193","FRESNO YOSEMITE INTERNATIONAL, CA US","2023-04-23","0.00","0.0","0.0","71","83","58"
"USW00093193","FRESNO YOSEMITE INTERNATIONAL, CA US","2023-04-24","0.00","0.0","0.0","69","85","56"
"USW00093193","FRESNO YOSEMITE INTERNATIONAL, CA US","2023-04-25","0.00","0.0","0.0","68","84","54"
"USW00093193","FRESNO YOSEMITE INTERNATIONAL, CA US","2023-04-26","0.00","0.0","0.0","74","91","60"
"USW00093193","FRESNO YOSEMITE INTERNATIONAL, CA US","2023-04-27","0.00","0.0","0.0","77","94","62"
"USW00093193","FRESNO YOSEMITE INTERNATIONAL, CA US","2023-04-28","0.00","0.0","0.0","80","97","64"
"USW00093193","FRESNO YOSEMITE INTERNATIONAL, CA US","2023-04-29","0.00","0.0","0.0","80","94","64"
"USW00093193","FRESNO YOSEMITE INTERNATIONAL, CA US","2023-04-30","0.00","0.0","0.0","77","85","57"
"USW00093193","FRESNO YOSEMITE INTERNATIONAL, CA US","2023-05-01","0.00","0.0","0.0","62","69","50"
"USW00093193","FRESNO YOSEMITE INTERNATIONAL, CA US","2023-05-02","0.00","0.0","0.0","58","68","53"
"USW00093193","FRESNO YOSEMITE INTERNATIONAL, CA US","2023-05-03","0.02","0.0","0.0","59","66","50"
"USW00093193","FRESNO YOSEMITE INTERNATIONAL, CA US","2023-05-04","0.33","0.0","0.0","57","65","50"
"USW00093193","FRESNO YOSEMITE INTERNATIONAL, CA US","2023-05-05","0.00","0.0","0.0","59","69","52"
"USW00093193","FRESNO YOSEMITE INTERNATIONAL, CA US","2023-05-06","0.00","0.0","0.0","61","71","53"
"USW00093193","FRESNO YOSEMITE INTERNATIONAL, CA US","2023-05-07","0.00","0.0","0.0","62","76","50"
"USW00093193","FRESNO YOSEMITE INTERNATIONAL, CA US","2023-05-08","0.00","0.0","0.0","64","76","52"
"USW00093193","FRESNO YOSEMITE INTERNATIONAL, CA US","2023-05-09","0.00","0.0","0.0","63","75","52"
"USW00093193","FRESNO YOSEMITE INTERNATIONAL, CA US","2023-05-10","0.00","0.0","0.0","63","76","52"
"USW00093193","FRESNO YOSEMITE INTERNATIONAL, CA US","2023-05-11","0.00","0.0","0.0","64","79","51"
"USW00093193","FRESNO YOSEMITE INTERNATIONAL, CA US","2023-05-12","0.00","0.0","0.0","70","86","57"
"USW00093193","FRESNO YOSEMITE INTERNATIONAL, CA US","2023-05-13","0.00","0.0","0.0","77","93","63"
"USW00093193","FRESNO YOSEMITE INTERNATIONAL, CA US","2023-05-14","0.00","0.0","0.0","82","99","67"
"USW00093193","FRESNO YOSEMITE INTERNATIONAL, CA US","2023-05-15","0.00","0.0","0.0","83","97","65"
"USW00093193","FRESNO YOSEMITE INTERNATIONAL, CA US","2023-05-16","0.00","0.0","0.0","80","95","64"
"USW00093193","FRESNO YOSEMITE INTERNATIONAL, CA US","2023-05-17","0.00","0.0","0.0","82","97","68"
"USW00093193","FRESNO YOSEMITE INTERNATIONAL, CA US","2023-05-18","0.00","0.0","0.0","82","97","65"
"USW00093193","FRESNO YOSEMITE INTERNATIONAL, CA US","2023-05-19","0.00","0.0","0.0","80","94","64"
"USW00093193","FRESNO YOSEMITE INTERNATIONAL, CA US","2023-05-20","0.00","0.0","0.0","78","92","63"
"USW00093193","FRESNO YOSEMITE INTERNATIONAL, CA US","2023-05-21","0.00","0.0","0.0","78","94","62"
"USW00093193","FRESNO YOSEMITE INTERNATIONAL, CA US","2023-05-22","0.00","0.0","0.0","82","97","68"
"USW00093193","FRESNO YOSEMITE INTERNATIONAL, CA US","2023-05-23","0.00","0.0","0.0","80","90","61"
"USW00093193","FRESNO YOSEMITE INTERNATIONAL, CA US","2023-05-24","0.00","0.0","0.0","69","82","56"
"USW00093193","FRESNO YOSEMITE INTERNATIONAL, CA US","2023-05-25","0.00","0.0","0.0","68","82","56"
"USW00093193","FRESNO YOSEMITE INTERNATIONAL, CA US","2023-05-26","0.00","0.0","0.0","68","81","56"
"USW00093193","FRESNO YOSEMITE INTERNATIONAL, CA US","2023-05-27","0.00","0.0","0.0","72","86","59"
"USW00093193","FRESNO YOSEMITE INTERNATIONAL, CA US","2023-05-28","0.00","0.0","0.0","74","85","61"
"USW00093193","FRESNO YOSEMITE INTERNATIONAL, CA US","2023-05-29","0.00","0.0","0.0","71","84","61"
"USW00093193","FRESNO YOSEMITE INTERNATIONAL, CA US","2023-05-30","0.00","0.0","0.0","69","80","60"
"USW00093193","FRESNO YOSEMITE INTERNATIONAL, CA US","2023-05-31","0.00","0.0","0.0","69","84","56"
"USW00093193","FRESNO YOSEMITE INTERNATIONAL, CA US","2023-06-01","0.00","0.0","0.0","71","85","57"
"USW00093193","FRESNO YOSEMITE INTERNATIONAL, CA US","2023-06-02","0.00","0.0","0.0","71","87","58"
"USW00093193","FRESNO YOSEMITE INTERNATIONAL, CA US","2023-06-03","0.00","0.0","0.0","77","92","63"
"USW00093193","FRESNO YOSEMITE INTERNATIONAL, CA US","2023-06-04","0.00","0.0","0.0","82","97","67"
"USW00093193","FRESNO YOSEMITE INTERNATIONAL, CA US","2023-06-05","0.00","0.0","0.0","81","89","68"
"USW00093193","FRESNO YOSEMITE INTERNATIONAL, CA US","2023-06-06","0.00","0.0","0.0","71","80","62"
"USW00093193","FRESNO YOSEMITE INTERNATIONAL, CA US","2023-06-07","0.00","0.0","0.0","70","75","63"
"USW00093193","FRESNO YOSEMITE INTERNATIONAL, CA US","2023-06-08","0.00","0.0","0.0","72","84","63"
"USW00093193","FRESNO YOSEMITE INTERNATIONAL, CA US","2023-06-09","0.00","0.0","0.0","74","87","61"
"USW00093193","FRESNO YOSEMITE INTERNATIONAL, CA US","2023-06-10","0.00","0.0","0.0","73","84","62"
"USW00093193","FRESNO YOSEMITE INTERNATIONAL, CA US","2023-06-11","0.00","0.0","0.0","72","86","63"
"USW00093193","FRESNO YOSEMITE INTERNATIONAL, CA US","2023-06-12","0.00","0.0","0.0","72","84","61"
"USW00093193","FRESNO YOSEMITE INTERNATIONAL, CA US","2023-06-13","0.00","0.0","0.0","75","88","62"
"USW00093193","FRESNO YOSEMITE INTERNATIONAL, CA US","2023-06-14","0.00","0.0","0.0","78","92","66"
"USW00093193","FRESNO YOSEMITE INTERNATIONAL, CA US","2023-06-15","0.00","0.0","0.0","80","92","67"
"USW00093193","FRESNO YOSEMITE INTERNATIONAL, CA US","2023-06-16","0.00","0.0","0.0","80","93","67"
"USW00093193","FRESNO YOSEMITE INTERNATIONAL, CA US","2023-06-17","0.00","0.0","0.0","82","98","69"
"USW00093193","FRESNO YOSEMITE INTERNATIONAL, CA US","2023-06-18","0.00","0.0","0.0","82","92","68"
"USW00093193","FRESNO YOSEMITE INTERNATIONAL, CA US","2023-06-19","0.00","0.0","0.0","71","79","57"
"USW00093193","FRESNO YOSEMITE INTERNATIONAL, CA US","2023-06-20","0.00","0.0","0.0","68","81","55"
"USW00093193","FRESNO YOSEMITE INTERNATIONAL, CA US","2023-06-21","0.00","0.0","0.0","71","86","56"
"USW00093193","FRESNO YOSEMITE INTERNATIONAL, CA US","2023-06-22","0.00","0.0","0.0","72","84","58"
"USW00093193","FRESNO YOSEMITE INTERNATIONAL, CA US","2023-06-23","0.00","0.0","0.0","68","81","57"
"USW00093193","FRESNO YOSEMITE INTERNATIONAL, CA US","2023-06-24","0.00","0.0","0.0","71","86","60"
"USW00093193","FRESNO YOSEMITE INTERNATIONAL, CA US","2023-06-25","0.00","0.0","0.0","73","87","60"
"USW00093193","FRESNO YOSEMITE INTERNATIONAL, CA US","2023-06-26","0.00","0.0","0.0","73","87","59"
"USW00093193","FRESNO YOSEMITE INTERNATIONAL, CA US","2023-06-27","0.00","0.0","0.0","74","87","61"
"USW00093193","FRESNO YOSEMITE INTERNATIONAL, CA US","2023-06-28","0.00","0.0","0.0","77","91","63"
"USW00093193","FRESNO YOSEMITE INTERNATIONAL, CA US","2023-06-29","0.00","0.0","0.0","81","96","67"
"USW00093193","FRESNO YOSEMITE INTERNATIONAL, CA US","2023-06-30","0.00","0.0","0.0","88","104","74"
"USW00093193","FRESNO YOSEMITE INTERNATIONAL, CA US","2023-07-01","0.00","0.0","0.0","92","108","77"
"USW00093193","FRESNO YOSEMITE INTERNATIONAL, CA US","2023-07-02","0.00","0.0","0.0","94","108","77"
"USW00093193","FRESNO YOSEMITE INTERNATIONAL, CA US","2023-07-03","0.00","0.0","0.0","91","104","76"
"USW00093193","FRESNO YOSEMITE INTERNATIONAL, CA US","2023-07-04","0.00","0.0","0.0","86","100","70"
"USW00093193","FRESNO YOSEMITE INTERNATIONAL, CA US","2023-07-05","0.00","0.0","0.0","84","99","67"
"USW00093193","FRESNO YOSEMITE INTERNATIONAL, CA US","2023-07-06","0.00","0.0","0.0","80","95","64"
"USW00093193","FRESNO YOSEMITE INTERNATIONAL, CA US","2023-07-07","0.00","0.0","0.0","78","93","61"
"USW00093193","FRESNO YOSEMITE INTERNATIONAL, CA US","2023-07-08","0.00","0.0","0.0","77","90","63"
"USW00093193","FRESNO YOSEMITE INTERNATIONAL, CA US","2023-07-09","0.00","0.0","0.0","75","89","60"
"USW00093193","FRESNO YOSEMITE INTERNATIONAL, CA US","2023-07-10","0.00","0.0","0.0","74","91","59"
"USW00093193","FRESNO YOSEMITE INTERNATIONAL, CA US","2023-07-11","0.00","0.0","0.0","82","99","68"
"USW00093193","FRESNO YOSEMITE INTERNATIONAL, CA US","2023-07-12","0.00","0.0","0.0","86","102","70"
"USW00093193","FRESNO YOSEMITE INTERNATIONAL, CA US","2023-07-13","0.00","0.0","0.0","86","101","68"
"USW00093193","FRESNO YOSEMITE INTERNATIONAL, CA US","2023-07-14","0.00","0.0","0.0","86","101","71"
"USW00093193","FRESNO YOSEMITE INTERNATIONAL, CA US","2023-07-15","0.00","0.0","0.0","90","106","76"
"USW00093193","FRESNO YOSEMITE INTERNATIONAL, CA US","2023-07-16","0.00","0.0","0.0","93","108","79"
"USW00093193","FRESNO YOSEMITE INTERNATIONAL, CA US","2023-07-17","0.00","0.0","0.0","94","109","81"
"USW00093193","FRESNO YOSEMITE INTERNATIONAL, CA US","2023-07-18","0.00","0.0","0.0","93","105","78"
"USW00093193","FRESNO YOSEMITE INTERNATIONAL, CA US","2023-07-19","0.00","0.0","0.0","89","104","75"
"USW00093193","FRESNO YOSEMITE INTERNATIONAL, CA US","2023-07-20","0.00","0.0","0.0","88","104","72"
"USW00093193","FRESNO YOSEMITE INTERNATIONAL, CA US","2023-07-21","0.00","0.0","0.0","89","104","74"
"USW00093193","FRESNO YOSEMITE INTERNATIONAL, CA US","2023-07-22","0.00","0.0","0.0","93","108","78"
"USW00093193","FRESNO YOSEMITE INTERNATIONAL, CA US","2023-07-23","0.00","0.0","0.0","94","107","81"
"USW00093193","FRESNO YOSEMITE INTERNATIONAL, CA US","2023-07-24","0.00","0.0","0.0","89","102","74"
"USW00093193","FRESNO YOSEMITE INTERNATIONAL, CA US","2023-07-25","0.00","0.0","0.0","86","101","70"
"USW00093193","FRESNO YOSEMITE INTERNATIONAL, CA US","2023-07-26","0.00","0.0","0.0","88","105","73"
"USW00093193","FRESNO YOSEMITE INTERNATIONAL, CA US","2023-07-27","0.00","0.0","0.0","88","103","71"
"USW00093193","FRESNO YOSEMITE INTERNATIONAL, CA US","2023-07-28","0.00","0.0","0.0","85","100","70"
"USW00093193","FRESNO YOSEMITE INTERNATIONAL, CA US","2023-07-29","0.00","0.0","0.0","86","102","71"
"USW00093193","FRESNO YOSEMITE INTERNATIONAL, CA US","2023-07-30","0.00","0.0","0.0","86","103","69"
"USW00093193","FRESNO YOSEMITE INTERNATIONAL, CA US","2023-07-31","0.00","0.0","0.0","88","104","71"
"USW00093193","FRESNO YOSEMITE INTERNATIONAL, CA US","2023-08-01","0.00","0.0","0.0","87","100","72"
"USW00093193","FRESNO YOSEMITE INTERNATIONAL, CA US","2023-08-02","0.00","0.0","0.0","80","93","65"
"USW00093193","FRESNO YOSEMITE INTERNATIONAL, CA US","2023-08-03","0.00","0.0","0.0","77","91","63"
"USW00093193","FRESNO YOSEMITE INTERNATIONAL, CA US","2023-08-04","0.00","0.0","0.0","77","93","63"
"USW00093193","FRESNO YOSEMITE INTERNATIONAL, CA US","2023-08-05","0.00","0.0","0.0","84","97","69"
"USW00093193","FRESNO YOSEMITE INTERNATIONAL, CA US","2023-08-06","0.00","0.0","0.0","86","100","72"
"USW00093193","FRESNO YOSEMITE INTERNATIONAL, CA US","2023-08-07","0.00","0.0","0.0","89","104","75"
"USW00093193","FRESNO YOSEMITE INTERNATIONAL, CA US","2023-08-08","0.00","0.0","0.0","87","100","71"
"USW00093193","FRESNO YOSEMITE INTERNATIONAL, CA US","2023-08-09","0.00","0.0","0.0","83","96","67"
"USW00093193","FRESNO YOSEMITE INTERNATIONAL, CA US","2023-08-10","0.00","0.0","0.0","81","94","66"
"USW00093193","FRESNO YOSEMITE INTERNATIONAL, CA US","2023-08-11","0.00","0.0","0.0","80","93","72"
"USW00093193","FRESNO YOSEMITE INTERNATIONAL, CA US","2023-08-12","0.00","0.0","0.0","83","98","69"
"USW00093193","FRESNO YOSEMITE INTERNATIONAL, CA US","2023-08-13","0.00","0.0","0.0","87","97","75"
"USW00093193","FRESNO YOSEMITE INTERNATIONAL, CA US","2023-08-14","0.00","0.0","0.0","90","106","78"
"USW00093193","FRESNO YOSEMITE INTERNATIONAL, CA US","2023-08-15","0.00","0.0","0.0","91","108","76"
"USW00093193","FRESNO YOSEMITE INTERNATIONAL, CA US","2023-08-16","0.00","0.0","0.0","92","106","78"
"USW00093193","FRESNO YOSEMITE INTERNATIONAL, CA US","2023-08-17","0.00","0.0","0.0","92","106","77"
"USW00093193","FRESNO YOSEMITE INTERNATIONAL, CA US","2023-08-18","0.00","0.0","0.0","88","101","76"
"USW00093193","FRESNO YOSEMITE INTERNATIONAL, CA US","2023-08-19","0.03","0.0","0.0","84","98","71"
"USW00093193","FRESNO YOSEMITE INTERNATIONAL, CA US","2023-08-20","0.12","0.0","0.0","78","78","70"
"USW00093193","FRESNO YOSEMITE INTERNATIONAL, CA US","2023-08-21","0.03","0.0","0.0","75","89","68"
"USW00093193","FRESNO YOSEMITE INTERNATIONAL, CA US","2023-08-22","0.01","0.0","0.0","77","92","67"
"USW00093193","FRESNO YOSEMITE INTERNATIONAL, CA US","2023-08-23","0.00","0.0","0.0","82","98","69"
"USW00093193","FRESNO YOSEMITE INTERNATIONAL, CA US","2023-08-24","0.00","0.0","0.0","86","100","72"
"USW00093193","FRESNO YOSEMITE INTERNATIONAL, CA US","2023-08-25","0.00","0.0","0.0","82","95","68"
"USW00093193","FRESNO YOSEMITE INTERNATIONAL, CA US","2023-08-26","0.00","0.0","0.0","82","96","67"
"USW00093193","FRESNO YOSEMITE INTERNATIONAL, CA US","2023-08-27","0.00","0.0","0.0","82","97","66"
"USW00093193","FRESNO YOSEMITE INTERNATIONAL, CA US","2023-08-28","0.00","0.0","0.0","83","99","68"
"USW00093193","FRESNO YOSEMITE INTERNATIONAL, CA US","2023-08-29","0.00","0.0","0.0","85","99","69"
"USW00093193","FRESNO YOSEMITE INTERNATIONAL, CA US","2023-08-30","0.00","0.0","0.0","81","98","67"
"USW00093193","FRESNO YOSEMITE INTERNATIONAL, CA US","2023-08-31","0.00","0.0","0.0","85","100","70"
"USW00093193","FRESNO YOSEMITE INTERNATIONAL, CA US","2023-09-01","0.00","0.0","0.0","81","93","66"
"USW00093193","FRESNO YOSEMITE INTERNATIONAL, CA US","2023-09-02","0.00","0.0","0.0","75","83","66"
"USW00093193","FRESNO YOSEMITE INTERNATIONAL, CA US","2023-09-03","0.00","0.0","0.0","74","79","66"
"USW00093193","FRESNO YOSEMITE INTERNATIONAL, CA US","2023-09-04","0.00","0.0","0.0","71","85","60"
"USW00093193","FRESNO YOSEMITE INTERNATIONAL, CA US","2023-09-05","0.00","0.0","0.0","77","92","65"
"USW00093193","FRESNO YOSEMITE INTERNATIONAL, CA US","2023-09-06","0.00","0.0","0.0","80","93","68"
"USW00093193","FRESNO YOSEMITE INTERNATIONAL, CA US","2023-09-07","0.00","0.0","0.0","79","94","64"
"USW00093193","FRESNO YOSEMITE INTERNATIONAL, CA US","2023-09-08","0.00","0.0","0.0","82","98","67"
"USW00093193","FRESNO YOSEMITE INTERNATIONAL, CA US","2023-09-09","0.00","0.0","0.0","85","97","72"
"USW00093193","FRESNO YOSEMITE INTERNATIONAL, CA US","2023-09-10","0.00","0.0","0.0","83","96","73"
"USW00093193","FRESNO YOSEMITE INTERNATIONAL, CA US","2023-09-11","0.00","0.0","0.0","82","95","70"
"USW00093193","FRESNO YOSEMITE INTERNATIONAL, CA US","2023-09-12","0.00","0.0","0.0","80","95","65"
"USW00093193","FRESNO YOSEMITE INTERNATIONAL, CA US","2023-09-13","0.00","0.0","0.0","79","92","65"
"USW00093193","FRESNO YOSEMITE INTERNATIONAL, CA US","2023-09-14","0.00","0.0","0.0","79","93","65"
"USW00093193","FRESNO YOSEMITE INTERNATIONAL, CA US","2023-09-15","0.00","0.0","0.0","81","96","66"
"USW00093193","FRESNO YOSEMITE INTERNATIONAL, CA US","2023-09-16","0.00","0.0","0.0","80","93","68"
"USW00093193","FRESNO YOSEMITE INTERNATIONAL, CA US","2023-09-17","0.00","0.0","0.0","75","86","63"
"USW00093193","FRESNO YOSEMITE INTERNATIONAL, CA US","2023-09-18","0.00","0.0","0.0","73","85","62"
"USW00093193","FRESNO YOSEMITE INTERNATIONAL, CA US","2023-09-19","0.00","0.0","0.0","74","86","63"
"USW00093193","FRESNO YOSEMITE INTERNATIONAL, CA US","2023-09-20","0.00","0.0","0.0","76","89","65"
"USW00093193","FRESNO YOSEMITE INTERNATIONAL, CA US","2023-09-21","0.00","0.0","0.0","72","80","60"
"USW00093193","FRESNO YOSEMITE INTERNATIONAL, CA US","2023-09-22","0.00","0.0","0.0","71","84","60"
"USW00093193","FRESNO YOSEMITE INTERNATIONAL, CA US","2023-09-23","0.00","0.0","0.0","73","87","60"
"USW00093193","FRESNO YOSEMITE INTERNATIONAL, CA US","2023-09-24","0.00","0.0","0.0","73","88","59"
"USW00093193","FRESNO YOSEMITE INTERNATIONAL, CA US","2023-09-25","0.00","0.0","0.0","72","86","58"
"USW00093193","FRESNO YOSEMITE INTERNATIONAL, CA US","2023-09-26","0.00","0.0","0.0","71","85","58"
"USW00093193","FRESNO YOSEMITE INTERNATIONAL, CA US","2023-09-27","0.00","0.0","0.0","72","85","61"
"USW00093193","FRESNO YOSEMITE INTERNATIONAL, CA US","2023-09-28","0.00","0.0","0.0","72","85","60"
"USW00093193","FRESNO YOSEMITE INTERNATIONAL, CA US","2023-09-29","0.00","0.0","0.0","73","86","61"
"USW00093193","FRESNO YOSEMITE INTERNATIONAL, CA US","2023-09-30","0.00","0.0","0.0","68","74","58"
"USW00093193","FRESNO YOSEMITE INTERNATIONAL, CA US","2023-10-01","0.00","0.0","0.0","63","74","55"
"USW00093193","FRESNO YOSEMITE INTERNATIONAL, CA US","2023-10-02","0.00","0.0","0.0","69","79","62"
"USW00093193","FRESNO YOSEMITE INTERNATIONAL, CA US","2023-10-03","0.00","0.0","0.0","70","83","60"
"USW00093193","FRESNO YOSEMITE INTERNATIONAL, CA US","2023-10-04","0.00","0.0","0.0","73","89","61"
"USW00093193","FRESNO YOSEMITE INTERNATIONAL, CA US","2023-10-05","0.00","0.0","0.0","77","93","63"
"USW00093193","FRESNO YOSEMITE INTERNATIONAL, CA US","2023-10-06","0.00","0.0","0.0","79","94","64"
"USW00093193","FRESNO YOSEMITE INTERNATIONAL, CA US","2023-10-07","0.00","0.0","0.0","80","97","66"
"USW00093193","FRESNO YOSEMITE INTERNATIONAL, CA US","2023-10-08","0.00","0.0","0.0","81","98","66"
"USW00093193","FRESNO YOSEMITE INTERNATIONAL, CA US","2023-10-09","0.00","0.0","0.0","77","84","62"
"USW00093193","FRESNO YOSEMITE INTERNATIONAL, CA US","2023-10-10","0.00","0.0","0.0","67","80","57"
"USW00093193","FRESNO YOSEMITE INTERNATIONAL, CA US","2023-10-11","0.00","0.0","0.0","67","75","58"
"USW00093193","FRESNO YOSEMITE INTERNATIONAL, CA US","2023-10-12","0.00","0.0","0.0","63","78","51"
"USW00093193","FRESNO YOSEMITE INTERNATIONAL, CA US","2023-10-13","0.00","0.0","0.0","67","84","55"
"USW00093193","FRESNO YOSEMITE INTERNATIONAL, CA US","2023-10-14","0.00","0.0","0.0","69","84","57"
"USW00093193","FRESNO YOSEMITE INTERNATIONAL, CA US","2023-10-15","0.00","0.0","0.0","70","88","55"
"USW00093193","FRESNO YOSEMITE INTERNATIONAL, CA US","2023-10-16","0.00","0.0","0.0","72","85","59"
"USW00093193","FRESNO YOSEMITE INTERNATIONAL, CA US","2023-10-17","0.00","0.0","0.0","70","84","57"
"USW00093193","FRESNO YOSEMITE INTERNATIONAL, CA US","2023-10-18","0.00","0.0","0.0","72","89","59"
"USW00093193","FRESNO YOSEMITE INTERNATIONAL, CA US","2023-10-19","0.00","0.0","0.0","74","91","60"
"USW00093193","FRESNO YOSEMITE INTERNATIONAL, CA US","2023-10-20","0.00","0.0","0.0","76","93","63"
"USW00093193","FRESNO YOSEMITE INTERNATIONAL, CA US","2023-10-21","0.00","0.0","0.0","73","82","60"
"USW00093193","FRESNO YOSEMITE INTERNATIONAL, CA US","2023-10-22","0.00","0.0","0.0","67","77","57"
"USW00093193","FRESNO YOSEMITE INTERNATIONAL, CA US","2023-10-23","0.00","0.0","0.0","64","68","59"
"USW00093193","FRESNO YOSEMITE INTERNATIONAL, CA US","2023-10-24","0.00","0.0","0.0","64","78","56"
"USW00093193","FRESNO YOSEMITE INTERNATIONAL, CA US","2023-10-25","0.00","0.0","0.0","67","78","57"
"USW00093193","FRESNO YOSEMITE INTERNATIONAL, CA US","2023-10-26","0.00","0.0","0.0","63","69","54"
"USW00093193","FRESNO YOSEMITE INTERNATIONAL, CA US","2023-10-27","0.00","0.0","0.0","58","71","47"
"USW00093193","FRESNO YOSEMITE INTERNATIONAL, CA US","2023-10-28","0.00","0.0","0.0","56","69","44"
"USW00093193","FRESNO YOSEMITE INTERNATIONAL, CA US","2023-10-29","0.00","0.0","0.0","56","71","44"
"USW00093193","FRESNO YOSEMITE INTERNATIONAL, CA US","2023-10-30","0.00","0.0","0.0","58","74","44"
"USW00093193","FRESNO YOSEMITE INTERNATIONAL, CA US","2023-10-31","0.00","0.0","0.0","60","78","44"
"USW00093193","FRESNO YOSEMITE INTERNATIONAL, CA US","2023-11-01","0.00","0.0","0.0","60","77","45"
"USW00093193","FRESNO YOSEMITE INTERNATIONAL, CA US","2023-11-02","0.00","0.0","0.0","61","79","47"
"USW00093193","FRESNO YOSEMITE INTERNATIONAL, CA US","2023-11-03","0.00","0.0","0.0","63","78","50"
"USW00093193","FRESNO YOSEMITE INTERNATIONAL, CA US","2023-11-04","0.00","0.0","0.0","64","81","51"
"USW00093193","FRESNO YOSEMITE INTERNATIONAL, CA US","2023-11-05","0.00","0.0","0.0","65","80","51"
"USW00093193","FRESNO YOSEMITE INTERNATIONAL, CA US","2023-11-06","0.09","0.0","0.0","66","76","58"
"USW00093193","FRESNO YOSEMITE INTERNATIONAL, CA US","2023-11-07","0.00","0.0","0.0","62","67","51"
"USW00093193","FRESNO YOSEMITE INTERNATIONAL, CA US","2023-11-08","0.00","0.0","0.0","56","68","45"
"USW00093193","FRESNO YOSEMITE INTERNATIONAL, CA US","2023-11-09","0.00","0.0","0.0","56","69","45"
"USW00093193","FRESNO YOSEMITE INTERNATIONAL, CA US","2023-11-10","0.00","0.0","0.0","55","68","43"
"USW00093193","FRESNO YOSEMITE INTERNATIONAL, CA US","2023-11-11","0.00","0.0","0.0","55","70","43"
"USW00093193","FRESNO YOSEMITE INTERNATIONAL, CA US","2023-11-12","0.00","0.0","0.0","57","77","44"
"USW00093193","FRESNO YOSEMITE INTERNATIONAL, CA US","2023-11-13","0.00","0.0","0.0","61","76","49"
"USW00093193","FRESNO YOSEMITE INTERNATIONAL, CA US","2023-11-14","0.00","0.0","0.0","60","75","46"
"USW00093193","FRESNO YOSEMITE INTERNATIONAL, CA US","2023-11-15","0.02","0.0","0.0","58","72","45"
"USW00093193","FRESNO YOSEMITE INTERNATIONAL, CA US","2023-11-16","0.00","0.0","0.0","62","76","54"
"USW00093193","FRESNO YOSEMITE INTERNATIONAL, CA US","2023-11-17","0.00","0.0","0.0","62","75","50"
"USW00093193","FRESNO YOSEMITE INTERNATIONAL, CA US","2023-11-18","0.10","0.0","0.0","63","65","58"
"USW00093193","FRESNO YOSEMITE INTERNATIONAL, CA US","2023-11-19","0.00","0.0","0.0","57","64","47"
"USW00093193","FRESNO YOSEMITE INTERNATIONAL, CA US","2023-11-20","0.00","0.0","0.0","51","65","40"
"USW00093193","FRESNO YOSEMITE INTERNATIONAL, CA US","2023-11-21","0.00","0.0","0.0","53","72","41"
"USW00093193","FRESNO YOSEMITE INTERNATIONAL, CA US","2023-11-22","0.00","0.0","0.0","54","68","41"
"USW00093193","FRESNO YOSEMITE INTERNATIONAL, CA US","2023-11-23","0.00","0.0","0.0","57","68","45"
"USW00093193","FRESNO YOSEMITE INTERNATIONAL, CA US","2023-11-24","0.00","0.0","0.0","52","60","42"
"USW00093193","FRESNO YOSEMITE INTERNATIONAL, CA US","2023-11-25","0.00","0.0","0.0","49","63","38"
"USW00093193","FRESNO YOSEMITE INTERNATIONAL, CA US","2023-11-26","0.00","0.0","0.0","49","61","37"
"USW00093193","FRESNO YOSEMITE INTERNATIONAL, CA US","2023-11-27","0.00","0.0","0.0","48","65","36"
"USW00093193","FRESNO YOSEMITE INTERNATIONAL, CA US","2023-11-28","0.00","0.0","0.0","51","68","38"
"USW00093193","FRESNO YOSEMITE INTERNATIONAL, CA US","2023-11-29","0.00","0.0","0.0","51","64","38"
"USW00093193","FRESNO YOSEMITE INTERNATIONAL, CA US","2023-11-30","0.00","0.0","0.0","51","64","40"
"USW00093193","FRESNO YOSEMITE INTERNATIONAL, CA US","2023-12-01","0.00","0.0","0.0","53","61","42"
"USW00093193","FRESNO YOSEMITE INTERNATIONAL, CA US","2023-12-02","0.00","0.0","0.0","49","61","37"
"USW00093193","FRESNO YOSEMITE INTERNATIONAL, CA US","2023-12-03","0.00","0.0","0.0","50","58","40"
"USW00093193","FRESNO YOSEMITE INTERNATIONAL, CA US","2023-12-04","0.00","0.0","0.0","53","65","46"
"USW00093193","FRESNO YOSEMITE INTERNATIONAL, CA US","2023-12-05","0.00","0.0","0.0","52","68","41"
"USW00093193","FRESNO YOSEMITE INTERNATIONAL, CA US","2023-12-06","0.00","0.0","0.0","56","77","43"
"USW00093193","FRESNO YOSEMITE INTERNATIONAL, CA US","2023-12-07","0.00","0.0","0.0","57","65","47"
"USW00093193","FRESNO YOSEMITE INTERNATIONAL, CA US","2023-12-08","0.00","0.0","0.0","50","51","40"
"USW00093193","FRESNO YOSEMITE INTERNATIONAL, CA US","2023-12-09","0.00","0.0","0.0","44","59","35"
"USW00093193","FRESNO YOSEMITE INTERNATIONAL, CA US","2023-12-10","0.00","0.0","0.0","47","61","36"
"USW00093193","FRESNO YOSEMITE INTERNATIONAL, CA US","2023-12-11","0.00","0.0","0.0","48","61","38"
"USW00093193","FRESNO YOSEMITE INTERNATIONAL, CA US","2023-12-12","0.00","0.0","0.0","48","62","37"
"USW00093193","FRESNO YOSEMITE INTERNATIONAL, CA US","2023-12-13","0.00","0.0","0.0","48","63","37"
"USW00093193","FRESNO YOSEMITE INTERNATIONAL, CA US","2023-12-14","0.00","0.0","0.0","49","65","37"
"USW00093193","FRESNO YOSEMITE INTERNATIONAL, CA US","2023-12-15","0.00","0.0","0.0","50","68","37"
"USW00093193","FRESNO YOSEMITE INTERNATIONAL, CA US","2023-12-16","0.00","0.0","0.0","51","69","37"
"USW00093193","FRESNO YOSEMITE INTERNATIONAL, CA US","2023-12-17","0.00","0.0","0.0","52","67","42"
"USW00093193","FRESNO YOSEMITE INTERNATIONAL, CA US","2023-12-18","0.00","0.0","0.0","56","67","50"
"USW00093193","FRESNO YOSEMITE INTERNATIONAL, CA US","2023-12-19","0.05","0.0","0.0","61","67","55"
"USW00093193","FRESNO YOSEMITE INTERNATIONAL, CA US","2023-12-20","0.39","0.0","0.0","59","68","54"
"USW00093193","FRESNO YOSEMITE INTERNATIONAL, CA US","2023-12-21","0.08","0.0","0.0","54","58","51"
"USW00093193","FRESNO YOSEMITE INTERNATIONAL, CA US","2023-12-22","0.00","0.0","0.0","54","56","47"
"USW00093193","FRESNO YOSEMITE INTERNATIONAL, CA US","2023-12-23","0.00","0.0","0.0","51","59","47"
"USW00093193","FRESNO YOSEMITE INTERNATIONAL, CA US","2023-12-24","0.00","0.0","0.0","50","60","43"
"USW00093193","FRESNO YOSEMITE INTERNATIONAL, CA US","2023-12-25","0.00","0.0","0.0","53","61","47"
"USW00093193","FRESNO YOSEMITE INTERNATIONAL, CA US","2023-12-26","0.00","0.0","0.0","52","63","45"
"USW00093193","FRESNO YOSEMITE INTERNATIONAL, CA US","2023-12-27","0.00","0.0","0.0","54","64","46"
"USW00093193","FRESNO YOSEMITE INTERNATIONAL, CA US","2023-12-28","0.00","0.0","0.0","56","67","47"
"USW00093193","FRESNO YOSEMITE INTERNATIONAL, CA US","2023-12-29","0.00","0.0","0.0","57","69","48"
"USW00093193","FRESNO YOSEMITE INTERNATIONAL, CA US","2023-12-30","0.16","0.0","0.0","55","56","46"
"USW00093193","FRESNO YOSEMITE INTERNATIONAL, CA US","2023-12-31","0.00","0.0","0.0","51","58","45"
